Position	Mutability
423	3.676702313395572
424	3.4870021032623133
413	2.486882523112537
425	2.2169921102625496
422	2.064695672025338
398	1.5356617433553057
403	1.3991550520071456
401	1.3750836108120796
396	1.3654798708206015
416	1.3387463753617312
410	1.3370491842137002
421	1.3284829718876134
373	1.2095074946675108
112	1.1818407604359997
122	1.1449091854691598
185	1.1441173745563957
69	1.124996334817258
124	1.1197252099256427
136	1.1188524525962305
106	1.1164139646951623
280	1.1152987880339258
284	1.1116042469949157
107	1.108416274746246
390	1.104915236472173
279	1.100392629595795
202	1.0999152319563328
184	1.098182890825067
97	1.0893627258500873
174	1.0861475755602126
181	1.0842338062522898
239	1.083466833132446
158	1.0824339871256072
103	1.0820961338759296
223	1.0816274336451974
358	1.081180990293689
276	1.0789828116152376
383	1.0788578087377292
420	1.0785227508978217
269	1.078153333829549
151	1.077787611195605
139	1.0768639271836362
176	1.0768265939624895
175	1.0765198422358806
161	1.0761990843281872
210	1.0758215727931804
281	1.0753905175142664
71	1.0746873708885334
244	1.0743252879002743
88	1.0732933592660385
76	1.0708820167234128
90	1.0707413319755774
134	1.0706502340791597
240	1.0697925880983354
254	1.0686695170741165
256	1.0679840002595316
169	1.0675710322592034
259	1.0650269013642142
241	1.0645460288702104
188	1.0643438213142606
156	1.0637079864071142
81	1.063466822903382
377	1.062873398554806
238	1.0625060431625566
178	1.0622503757936002
87	1.062012018191468
127	1.0599796544792197
118	1.059658501650355
98	1.0584290590579246
332	1.057961259602141
205	1.057787838142469
245	1.057542801385479
109	1.0565070652818853
104	1.0549984804334596
271	1.0547465496439916
140	1.0545676804486543
93	1.0545333025628372
263	1.0526660528738665
255	1.0513237136131088
230	1.0503824319611912
108	1.0500720305431874
96	1.0497456179256497
234	1.0487317382380403
247	1.048229502795393
179	1.0466661945211564
75	1.0447480515658178
192	1.0445157765958542
266	1.0424099862547758
249	1.042158145413606
199	1.041304593372108
167	1.040304350348968
170	1.0397103365342446
95	1.0394695282903634
155	1.0378003687581938
262	1.0376530344887613
393	1.0376508040811205
212	1.037055509161278
197	1.0369182286755545
92	1.035907694709187
236	1.0358866416271686
147	1.0357525416040503
227	1.0355743286669221
149	1.0355342889817618
182	1.0355268675844742
145	1.035063544762827
285	1.034595267776153
150	1.033657720817916
194	1.0330855309476779
372	1.0330035474926968
79	1.032286117261431
183	1.0316649985935336
162	1.0313958618837857
105	1.0310492398884386
386	1.0307166444356337
278	1.0302301190963332
141	1.029757721297995
217	1.0285781431127674
289	1.0278962445690745
364	1.0278451927398349
154	1.0277998247944076
177	1.0265886448526211
146	1.0264270751718536
221	1.0262627508979354
138	1.0253777279724736
246	1.0249071508685907
191	1.0245426177927883
102	1.0241739196292767
272	1.0234144953845272
339	1.0232462701204927
132	1.0229618650197982
61	1.022945218502814
100	1.0220522564134271
83	1.021473666397768
157	1.0193668028560168
243	1.0184002589636552
252	1.0183299196701003
309	1.0178847230198769
168	1.017595503952852
215	1.016435715047454
82	1.0163431659104836
220	1.016036005116164
94	1.0150713682572479
250	1.0150585643645678
248	1.014421751526141
160	1.0144055040664808
207	1.013264895814314
77	1.0129410773479097
242	1.012938502505524
353	1.0127379700294799
89	1.0115874229615207
74	1.0115831290601884
142	1.0103408899988728
237	1.008275934604687
253	1.0079884860070665
117	1.007658406310243
327	1.0073966583798473
166	1.0050715428874157
318	1.005055706471131
159	1.0047248527217882
121	1.0046104067960053
291	1.0041883141564532
143	1.003965786935461
219	1.0035183400431662
257	1.0035177230775811
163	1.0033128190840321
153	1.0015577533997388
321	0.9997601203114651
165	0.9996698413998257
322	0.9989077730202034
216	0.9983479046867135
384	0.9979248489798648
231	0.9968538417687637
258	0.9967933015743756
190	0.9962862172845313
314	0.9960900918079361
344	0.9960691940365194
293	0.9959098941629273
99	0.9957852646818337
265	0.9957177702790999
66	0.9950928260317925
187	0.9949908004036462
277	0.9947169574212945
235	0.9944655332629744
68	0.9942924486933873
311	0.9941470615896465
232	0.9938517965107095
299	0.9937645177690879
340	0.9923112873525698
180	0.9915840295935039
209	0.989753843372989
164	0.9896159808131022
211	0.9893976912505967
323	0.9893446449199914
287	0.9888081156333698
251	0.9887335371758994
282	0.988586568750473
128	0.9885014236357867
186	0.9881664984259836
135	0.987884893064879
292	0.9877686988230331
233	0.9874114858590014
80	0.987237851770376
380	0.9860545079849306
349	0.985543030367936
313	0.9834902965591271
319	0.9834153811785827
110	0.9824791658753362
228	0.9822810177636548
283	0.9821280183471012
267	0.9818311034771033
226	0.9818280622690547
302	0.9816990688850704
67	0.9816196991556562
148	0.9814012014292132
286	0.9813578482062443
65	0.981300218057322
213	0.9812373954923085
338	0.9809192655839365
115	0.9808254662619516
308	0.9806648543385299
189	0.9804438602717905
152	0.9801056036469645
171	0.979651117031426
274	0.9796094423234625
303	0.9795910155823532
222	0.979351829495627
315	0.9790384701448857
144	0.9786257429975486
84	0.9771807980337889
218	0.9765032473451278
206	0.9760319170118529
229	0.9757663569808364
312	0.9749049543558712
362	0.9748487291887676
86	0.9740211080192386
325	0.9738881380643302
78	0.9725464720613114
63	0.9722156680460078
359	0.9714206520415014
307	0.9709923576438336
101	0.9706653662216059
172	0.970181796028535
91	0.9691941452413114
350	0.9674454749571195
85	0.9666342114441007
225	0.9663285736367767
347	0.9661268223647007
316	0.9660450202299508
310	0.9658922129989822
116	0.9648657523401458
260	0.9632692882409303
200	0.9632298921848723
300	0.9620021780844615
113	0.9618894930213691
131	0.9618042473080753
324	0.9612932427739199
304	0.9608800959973592
203	0.9608748521478494
345	0.9606583644785073
62	0.9597349938511102
355	0.9594057831511411
214	0.9592073363482325
72	0.9585070913969356
125	0.9583752588404406
273	0.9571943903403173
201	0.9568400443210967
335	0.9563499916832683
369	0.9560274567188497
334	0.9554076736418939
408	0.9551882205459594
326	0.9540981278145692
290	0.9539703666873953
208	0.9539353923316621
343	0.9537964646618069
356	0.9533684688425822
301	0.9532164507342673
126	0.9530290904437443
333	0.952665870368463
305	0.951881712770297
193	0.9515722381612517
370	0.9514562851174148
288	0.9513925373708173
70	0.948924796077254
173	0.948918277845783
328	0.9488528672593661
130	0.9479380204040019
352	0.9474097515480204
354	0.9442381871818298
331	0.9435039610251004
114	0.9423030915984921
275	0.9403180445969016
294	0.9402504002457668
297	0.9400925378664371
195	0.9398296494076476
73	0.9367006455407737
123	0.9349739170219347
342	0.934629779009616
129	0.9345795885750552
360	0.933717937387573
320	0.9336073170998154
295	0.931278467231567
296	0.930137991496704
204	0.9297466765784801
270	0.9278803950334793
137	0.9278424542995748
133	0.9275810081536602
394	0.9271702221724641
317	0.9224072282623813
268	0.9218725453896587
337	0.921136555771617
357	0.9199138418001901
111	0.9195638027562127
196	0.9191594033428109
329	0.9186633269318882
224	0.9184184088754976
336	0.9159682944385198
264	0.9145521323360123
330	0.9124007141904578
120	0.9119502416575315
348	0.9096758480156157
306	0.9095673396555746
368	0.9066000135484211
361	0.9063245428149224
346	0.9000638428905269
298	0.8999335302529162
119	0.8959522741555618
261	0.8939913661868457
367	0.8934233784999557
374	0.880500082803731
198	0.8793298214454298
64	0.8761340549152318
381	0.8751066768534121
351	0.8727561882865891
392	0.8552972199264637
379	0.8540137749364427
375	0.8502503161138774
341	0.8501182188521239
387	0.8340267476337592
407	0.8318812139360678
385	0.8276722919014119
406	0.8270692631287214
376	0.8256856200208411
388	0.8237499881905632
366	0.822038944796844
363	0.8122374514110436
382	0.8087981893387225
405	0.804408213374466
397	0.7914412451356909
365	0.7879131509358475
371	0.7735902627179183
389	0.7724620371632607
419	0.7718122258676865
404	0.7622537920398096
378	0.7226827357799174
391	0.7172111200908818
395	0.6492007186152359
402	0.5325938223761634
409	0.5135043574870453
400	0.49875923970997144
411	0.31173109659014314
399	0.3040090321092989
1	0.0
2	0.0
3	0.0
4	0.0
5	0.0
6	0.0
7	0.0
8	0.0
9	0.0
10	0.0
11	0.0
12	0.0
13	0.0
14	0.0
15	0.0
16	0.0
17	0.0
18	0.0
19	0.0
20	0.0
21	0.0
22	0.0
23	0.0
24	0.0
25	0.0
26	0.0
27	0.0
28	0.0
29	0.0
30	0.0
31	0.0
32	0.0
33	0.0
34	0.0
35	0.0
36	0.0
37	0.0
38	0.0
39	0.0
40	0.0
41	0.0
42	0.0
43	0.0
44	0.0
45	0.0
46	0.0
47	0.0
48	0.0
49	0.0
50	0.0
51	0.0
52	0.0
53	0.0
54	0.0
55	0.0
56	0.0
57	0.0
58	0.0
59	0.0
60	0.0
412	0.0
414	0.0
415	0.0
417	0.0
418	0.0
426	0.0
427	0.0
428	0.0
429	0.0
430	0.0
431	0.0
432	0.0
433	0.0
434	0.0
435	0.0
436	0.0
437	0.0
438	0.0
439	0.0
440	0.0
441	0.0
442	0.0
443	0.0
444	0.0
445	0.0
446	0.0
447	0.0
448	0.0
449	0.0
450	0.0
451	0.0
452	0.0
453	0.0
454	0.0
455	0.0
456	0.0
457	0.0
458	0.0
459	0.0
460	0.0
461	0.0
462	0.0
463	0.0
464	0.0
465	0.0
466	0.0
467	0.0
468	0.0
469	0.0
470	0.0
471	0.0
472	0.0
473	0.0
474	0.0
475	0.0
476	0.0
477	0.0
478	0.0
479	0.0
480	0.0
481	0.0
482	0.0
483	0.0
484	0.0
485	0.0
486	0.0
487	0.0
488	0.0
489	0.0
490	0.0
491	0.0
492	0.0
493	0.0
494	0.0
495	0.0
496	0.0
497	0.0
498	0.0
499	0.0
500	0.0
