Motif	Mutability	To A	To C	To G	To T
GGGCA	10.585448528988536	0.3155083215433303	0.34777191544326536	0.0	0.3367197630134045
ACGTA	6.944616958276185	0.3199453476348451	0.41654865624003173	0.0	0.26350599612512304
GGGTA	6.204151590264546	0.3424899368286157	0.30719357785562174	0.0	0.35031648531576254
TTCAA	5.990281087576934	0.30185108988241216	0.0	0.35648645540103474	0.3416624547165531
GTGTA	5.864064691094526	0.32325438587129657	0.3354541690041431	0.0	0.3412914451245603
AGCAT	5.59635453281632	0.31033229947235547	0.0	0.3653304589720186	0.32433724155562593
AGCAC	5.575132547998121	0.3594208442674832	0.0	0.3306369630022292	0.30994219273028756
AGCCC	5.572134529146835	0.3157858640951485	0.0	0.34052500662706237	0.3436891292777891
CCGTA	5.505973394944918	0.38545294255665813	0.28875531346871414	0.0	0.3257917439746278
GAGCT	5.40340675928752	0.3313263217962504	0.34124200575680763	0.0	0.3274316724469421
AGCAA	5.318931885163496	0.28807213600522336	0.0	0.3439849495554511	0.36794291443932553
CAGTA	5.167344456877815	0.33874363157898413	0.3279832476294624	0.0	0.33327312079155347
AGCAG	5.144594055913927	0.3244387692515542	0.0	0.34145493537435595	0.3341062953740898
CGGTA	5.077493045985445	0.28041414069644466	0.36170295345145603	0.0	0.3578829058520994
TCGTA	5.073477358982351	0.33471674174501104	0.3094706541077639	0.0	0.35581260414722493
TAGTA	4.9689473008732925	0.3254754589086193	0.3384140233748855	0.0	0.33611051771649525
ATGTA	4.7979567805424495	0.3170125127175771	0.31688126637220987	0.0	0.36610622091021316
ATATG	4.771272995002487	0.0	0.32877712694720135	0.321387353827953	0.34983551922484557
TTATA	4.700969668564768	0.0	0.29883724708814785	0.3481819454105938	0.3529808075012584
AGCTT	4.654796828572131	0.335475770517879	0.0	0.3428166317104779	0.32170759777164304
AGCGA	4.653998700774701	0.300525904626076	0.0	0.3268851479595282	0.3725889474143959
GAGTA	4.559360789325077	0.3299301105366838	0.35949522692297176	0.0	0.31057466254034444
GTATC	4.546721773636321	0.0	0.34365300647719754	0.34277824388980066	0.31356874963300174
AGCCG	4.491776169915127	0.36286589970514527	0.0	0.3160412585799102	0.3210928417149444
ACGCT	4.447075225097047	0.339343318131026	0.3329174118718812	0.0	0.3277392699970928
TTGTA	4.4197974745133	0.3199561265771894	0.36350539612821403	0.0	0.31653847729459667
AAGTA	4.376747364216048	0.3719506185710014	0.2823737759901642	0.0	0.3456756054388344
TTGCA	4.3600602310222385	0.327768063392739	0.37052644764509884	0.0	0.301705488962162
TGGTA	4.34207259351148	0.35311488010591396	0.33328990916067824	0.0	0.31359521073340785
AAAAT	4.191297737309916	0.0	0.36276424040489585	0.33724950572394147	0.2999862538711628
CAAGG	4.086834866395204	0.0	0.32454081268069	0.3128792282499487	0.36257995906936136
AGGCT	4.0508544726922215	0.3452050063130252	0.3305266984564683	0.0	0.3242682952305065
CATTG	4.045404289256937	0.34880718886680345	0.2956171611981048	0.3555756499350916	0.0
GATAC	4.032795658731599	0.3530175316427753	0.30882777515728127	0.33815469319994346	0.0
AGCTA	4.013707435678122	0.35114999221561094	0.0	0.30236842099319655	0.3464815867911925
ACGCA	4.0011914480809505	0.3087401289579791	0.3512637857225189	0.0	0.33999608531950215
TGCAA	4.000036245226073	0.33446875260609815	0.0	0.34605994176548033	0.3194713056284215
AGCGT	3.972561989356995	0.3373720208798997	0.0	0.41446409686957647	0.24816388225052383
ATGCA	3.9553587574326814	0.3457804719470532	0.3310985896088688	0.0	0.3231209384440779
AACCA	3.9213630296029227	0.3815121943162493	0.0	0.28216414488850367	0.33632366079524706
GGTAC	3.9167321716808523	0.3563750668205894	0.3434585140829668	0.30016641909644387	0.0
AGCTG	3.8949890245058945	0.3396864324560464	0.0	0.34073172407087216	0.3195818434730815
GATGT	3.8819920706367403	0.306341376807312	0.3497174919943452	0.3439411311983428	0.0
TACTG	3.8130186451643198	0.32893640095204946	0.0	0.33623855970430694	0.33482503934364366
ACGAT	3.8073070314326825	0.3306079109688796	0.35577929117562346	0.0	0.313612797855497
AAATT	3.795812505110759	0.0	0.3830408630109079	0.2679281470654116	0.3490309899236805
CCGCA	3.789586787213362	0.35012258522590495	0.2968083335483308	0.0	0.35306908122576414
CTAAA	3.7621846597817403	0.0	0.38311490849786073	0.28134180151958443	0.3355432899825548
CTATA	3.739259624365193	0.0	0.31043975693312825	0.37075690623009594	0.31880333683677575
TTCTA	3.7207287999324334	0.34683133850501774	0.0	0.30673303696972465	0.3464356245252576
GGGTT	3.6285048004630416	0.32475280010351976	0.3402500575102482	0.0	0.334997142386232
CTATC	3.6115012049267876	0.0	0.316862781850964	0.33922403877853385	0.34391317937050214
GTATT	3.5779091733266206	0.0	0.3199903368508315	0.34421555474445575	0.33579410840471274
TTATT	3.5660545730473734	0.0	0.3240411530108437	0.3255293299086511	0.35042951708050524
ATCCT	3.535884265732271	0.28726630079007637	0.0	0.32447865205005866	0.3882550471598649
AGGTA	3.5251927290073937	0.43037456615115155	0.31500156472512625	0.0	0.25462386912372215
ATATC	3.522703653635889	0.0	0.3332880591922962	0.3157926909905417	0.35091924981716216
AACGT	3.4867028287334962	0.24705191859387193	0.0	0.40616439715349834	0.3467836842526297
ATATT	3.4864223873100135	0.0	0.3373060082050935	0.3264894729836734	0.33620451881123314
GTAGA	3.486016564358919	0.0	0.34314782699985025	0.338393061810422	0.3184591111897276
AACTG	3.4602364331584745	0.2882938016286364	0.0	0.3329836398929605	0.378722558478403
TACTA	3.4581399321923447	0.34120535261561374	0.0	0.32688636307167446	0.33190828431271174
TCCTA	3.441547686631096	0.3664137674378893	0.0	0.33715450038150413	0.2964317321806066
GGGAT	3.401948745126064	0.3108068412510139	0.33747160245274266	0.0	0.35172155629624346
TTATG	3.368778177358784	0.0	0.3290461306378371	0.3226816559933391	0.34827221336882386
AACAA	3.3590596258577206	0.2137404202891609	0.0	0.5428366647270353	0.24342291498380386
CAATT	3.3571579908002285	0.0	0.3099773388434925	0.33793810896312215	0.35208455219338525
CTATT	3.3539409036881045	0.0	0.33258837144122644	0.3424527944164009	0.32495883414237275
CTATG	3.3195778863526835	0.0	0.32492325605592154	0.33154409763364484	0.3435326463104337
CTTAC	3.3091557490677745	0.3592728879893808	0.34502804872778275	0.29569906328283646	0.0
TAGCA	3.286293566594974	0.3375298160600268	0.35972226339470587	0.0	0.30274792054526733
CTGCT	3.277041176430882	0.3179406012470031	0.3219983273219326	0.0	0.36006107143106425
CGGTT	3.2419658248383376	0.35529929259624304	0.3492488818201297	0.0	0.29545182558362726
TACTC	3.2190852412643514	0.313865280392666	0.0	0.313454911186767	0.372679808420567
GAATA	3.219022093443168	0.0	0.28570791687091374	0.44110171847625634	0.2731903646528298
CAATG	3.2186357031223114	0.0	0.34437372190920756	0.314744758787848	0.34088151930294447
AGCGG	3.182337192299018	0.309764000362986	0.0	0.3154097893024235	0.3748262103345905
CAACA	3.177345269376635	0.0	0.34315704188741003	0.3580253231510592	0.29881763496153074
TCGCT	3.1681931178954175	0.33291697132643583	0.41502414092804407	0.0	0.25205888774552015
GTATA	3.153873541736324	0.0	0.3649609634817552	0.3098332302070373	0.3252058063112075
AACCC	3.1530855023466677	0.33699452363039706	0.0	0.3100177478825799	0.3529877284870231
TGGCT	3.0860842957693237	0.3222178509614447	0.3237947186413338	0.0	0.3539874303972215
TAATC	3.0783358089578723	0.0	0.30042412074819025	0.3705852089185773	0.3289906703332324
AAGCA	3.0415908558709015	0.33870451274888475	0.3487348743946758	0.0	0.31256061285643943
CTACC	3.0358164087596258	0.0	0.35079204557413624	0.3435090795114448	0.30569887491441894
CGGCT	3.0244068142378606	0.33383695983317724	0.34951869113511425	0.0	0.31664434903170846
AACTC	2.998197570920286	0.33568353210789387	0.0	0.35221133461938786	0.3121051332727182
AAATA	2.973529936321556	0.0	0.33287691738818787	0.2999170988836881	0.3672059837281241
AAATG	2.970818685033798	0.0	0.3979547455901545	0.27335162387695394	0.3286936305328916
TTTAA	2.9512936852231375	0.287583171191459	0.3376392897682413	0.3747775390402997	0.0
TAATT	2.923504937664665	0.0	0.26074225355488795	0.3476388676834826	0.3916188787616294
TAAAC	2.915703554694487	0.0	0.36564539903484977	0.26829621012439137	0.36605839084075886
TTACA	2.9093466593501436	0.0	0.36488172650264633	0.31155012094782575	0.323568152549528
CAGCT	2.8851859691636914	0.30745781756746476	0.3453546969233185	0.0	0.3471874855092167
TAATG	2.880189875345471	0.0	0.25157700447554043	0.3768381052565714	0.3715848902678882
GGTAG	2.8685078668071586	0.31490447969994506	0.3174323353796169	0.3676631849204381	0.0
ATTAG	2.866988206169502	0.3422337920692389	0.3237783829619906	0.33398782496877066	0.0
GTATG	2.8559789690329893	0.0	0.34170739827614616	0.2750791081965361	0.38321349352731787
AAGCT	2.8425796419050737	0.3759419605843281	0.3088972011437297	0.0	0.3151608382719423
AATAG	2.8367041629526204	0.31941627988384	0.3296564029309694	0.3509273171851905	0.0
TAATA	2.8247026580129386	0.0	0.3857161842762207	0.29894920124622415	0.31533461447755523
ATGTT	2.7928843819493476	0.2825690293459189	0.42296211563020886	0.0	0.2944688550238724
AAACG	2.75966728654591	0.0	0.3422899108462433	0.4957379065565424	0.16197218259721427
TAGAT	2.7580611238259034	0.4293596698064542	0.31564587578619996	0.0	0.25499445440734586
TTGCT	2.751456252170164	0.2677278772972071	0.4020058999535516	0.0	0.33026622274924133
TGCGG	2.7452880571992013	0.36638359539072646	0.0	0.29740553312005225	0.33621087148922124
GAATC	2.741822852057269	0.0	0.29707930733615034	0.3225860976261922	0.3803345950376576
CAATA	2.7410587091484477	0.0	0.3910410307536297	0.2942648950242737	0.3146940742220966
AGCCA	2.7352809692295006	0.30196659559993416	0.0	0.303475688056596	0.39455771634346976
AACTA	2.731005946332326	0.31717383609129074	0.0	0.33051169979707345	0.3523144641116358
CTAGT	2.718886777656173	0.0	0.38026601172659563	0.25821570258940924	0.3615182856839951
GTAAA	2.709237939554608	0.0	0.3646312881080464	0.2937988092855348	0.34156990260641884
CAGCA	2.7047631276596076	0.33110717443014154	0.37740691697707995	0.0	0.29148590859277845
TTCGT	2.6851439355097275	0.29078514805678785	0.0	0.30771959173157815	0.401495260211634
CCGCT	2.6831906738510423	0.3159787366946564	0.3865965400799744	0.0	0.29742472322536917
GGTAT	2.66857872305788	0.32659303446318455	0.326730437377015	0.3466765281598005	0.0
ATACT	2.6663768196519033	0.0	0.3125514288159856	0.34944485357000926	0.33800371761400516
TTCCC	2.665767171906427	0.3396939730524154	0.0	0.31139068167657835	0.3489153452710062
CATAA	2.665698361109115	0.25767225824199097	0.3785017650838961	0.36382597667411287	0.0
ATCTG	2.665115528149064	0.32456268676875955	0.0	0.3420445128835169	0.33339280034772345
GGTAA	2.656404188946234	0.3453421899144084	0.36457788592284013	0.29007992416275147	0.0
ATGCT	2.656144538381194	0.3297692379644276	0.3147485141052449	0.0	0.35548224793032746
GAATG	2.6556433089431444	0.0	0.30027269971025733	0.30137284472926706	0.39835445556047566
GTACA	2.654605974657585	0.0	0.30381180065596297	0.34239058299961656	0.3537976163444204
ATTAT	2.6489423887526162	0.34792319440627784	0.3503179729139708	0.3017588326797514	0.0
ATACA	2.647565677392489	0.0	0.34776267791849164	0.30333386728818573	0.3489034547933225
TACGT	2.640634058163681	0.31455393170093165	0.0	0.31503348333120845	0.3704125849678599
TTACC	2.6069817380860565	0.0	0.29458393109971476	0.41466578013766614	0.29075028876261916
TTTAC	2.5795644083743436	0.3687961971945214	0.27699156211137027	0.3542122406941084	0.0
TCTTA	2.561885595800793	0.29886220331183805	0.3874911879558569	0.3136466087323051	0.0
AAATC	2.5511811232298873	0.0	0.3085274794106936	0.3904540228309035	0.3010184977584028
TAGCT	2.549420889647949	0.3598101069635689	0.32011912659523634	0.0	0.32007076644119475
ACGTT	2.5418878032034327	0.28056620397049514	0.42700623980895536	0.0	0.2924275562205495
AACTT	2.539878580240112	0.31897317829082544	0.0	0.29327021988401614	0.38775660182515836
TTAGC	2.5363755780211252	0.0	0.36082352305344656	0.3113153375709774	0.3278611393755761
TATGG	2.5313159758443566	0.31272483195375667	0.34634318509207795	0.3409319829541655	0.0
GTTAG	2.530231686186048	0.33856596236346365	0.35447378721764256	0.30696025041889374	0.0
TACTT	2.5298148943417815	0.3460736928771838	0.0	0.3433440918838378	0.3105822152389785
GGTTT	2.5185040503814298	0.3460327334146824	0.35272244053853097	0.3012448260467866	0.0
TTCGC	2.5113291040673738	0.3427941749498905	0.0	0.3289977045577761	0.32820812049233344
TCTAC	2.5104665418796115	0.34407460070794477	0.23856546925102523	0.4173599300410299	0.0
CATAT	2.504367694806305	0.3405445022588486	0.3582242027505701	0.3012312949905813	0.0
GAAGA	2.5034922229705745	0.0	0.29271795761760144	0.40443344809114856	0.30284859429125
GGCAC	2.503374051213629	0.3174181007729927	0.0	0.3914387977482347	0.29114310147877254
GCGTA	2.4888592565419527	0.2614889477127158	0.3335227971382232	0.0	0.404988255149061
GTGTT	2.488752149503844	0.2929185920867219	0.3405140622303761	0.0	0.36656734568290195
TTAAA	2.48659690471232	0.0	0.2183681020480217	0.3401201647085897	0.44151173324338855
AACCT	2.4697360043663146	0.4181046599205723	0.0	0.18927192163264828	0.3926234184467795
CAAAT	2.4624226108990097	0.0	0.3197865569106313	0.3503552994206314	0.32985814366873734
ATACC	2.4580651194010485	0.0	0.2771270749424877	0.37070580872566117	0.35216711633185116
CGTAG	2.458009948733494	0.3691453328818448	0.46961390465599506	0.16124076246216	0.0
CTACT	2.45307893058476	0.0	0.342467068103948	0.335580410887747	0.32195252100830507
TTAAT	2.4506396448714063	0.0	0.3580994538855943	0.25971315304130144	0.3821873930731043
ATGAT	2.4465968753042926	0.333192663599618	0.33045535573841966	0.0	0.33635198066196226
AGGTT	2.4426801924283854	0.3120124509048343	0.33426280769580413	0.0	0.3537247413993615
AACCG	2.442360203490076	0.38225366791754567	0.0	0.3522724429362467	0.26547388914620773
AGCTC	2.4423415134475586	0.29749782674832076	0.0	0.3785330843938813	0.323969088857798
AACGG	2.4326680337038056	0.29088149126820534	0.0	0.4414880413236794	0.2676304674081152
ATAGG	2.4306165837837437	0.0	0.3108381871446341	0.33759707522794996	0.351564737627416
CAAAG	2.4292285463122805	0.0	0.3162993058863749	0.38342035788894613	0.300280336224679
CTAAG	2.4291103546232513	0.0	0.45341021721797947	0.2568050774334822	0.28978470534853823
CCGTT	2.4240984771846428	0.2749764604353064	0.37281333238027375	0.0	0.35221020718442
TTCTG	2.4218150619497187	0.3215509314952708	0.0	0.3083366259411148	0.3701124425636145
ATCTT	2.42166232610068	0.3251941800245784	0.0	0.3420823679252118	0.33272345205020987
GTACG	2.4192880022434777	0.0	0.28510236382891035	0.3214510573774304	0.39344657879365924
ATACG	2.415738265397366	0.0	0.3485162072894957	0.31307862845032464	0.3384051642601796
GTAAG	2.4106228661417757	0.0	0.31656764623043904	0.4088681019345984	0.2745642518349625
TAGTT	2.4078681177664967	0.33262124443347507	0.4040689966086782	0.0	0.2633097589578467
TTCCA	2.402740462673379	0.3376800182093481	0.0	0.37909110295979603	0.28322887883085585
TTGTT	2.4025578809040575	0.3498409682902296	0.3675378856028614	0.0	0.282621146106909
TTCTT	2.4004890409451356	0.34541404985638324	0.0	0.3432853988844118	0.311300551259205
TTATC	2.391850871500007	0.0	0.31281886010791815	0.3811969284435694	0.30598421144851246
TACCA	2.380251720562131	0.3325929962269852	0.0	0.290763710158976	0.3766432936140389
TTACG	2.3791256208152993	0.0	0.29503693363112754	0.33272701527949283	0.3722360510893797
AATAT	2.3767868490529427	0.31985973474265933	0.3594810247955779	0.3206592404617626	0.0
CGGAT	2.3639551827851677	0.3538232563544963	0.3244162439538695	0.0	0.32176049969163417
TCGTT	2.361797989001749	0.27234510164600456	0.2571598657065409	0.0	0.47049503264745446
GTTAA	2.3546755132340964	0.2896969565683751	0.3718349103001701	0.33846813313145485	0.0
GAGGA	2.3509796145083453	0.3329039772474122	0.3468843636852233	0.0	0.32021165906736454
AACGA	2.3478152765127027	0.27068071548011774	0.0	0.3957665760450262	0.333552708474856
ATAAA	2.3408142783408885	0.0	0.3789033628074655	0.28638629555277667	0.3347103416397579
TTACT	2.3405949288384464	0.0	0.34098037966132566	0.34871250144079263	0.31030711889788176
CTGTA	2.3351070662639675	0.33084743157076807	0.33329032854799434	0.0	0.33586223988123753
CGTAC	2.334319911239613	0.3060826069955785	0.3062302997941501	0.3876870932102714	0.0
TACGC	2.3286789859743124	0.35667343404663754	0.0	0.3115433650695276	0.3317832008838349
GTCTA	2.3231480940747824	0.31187265489502924	0.0	0.3231678377645607	0.36495950734040994
TTTAT	2.3192231104312206	0.33301328656764345	0.2953662999518382	0.3716204134805183	0.0
TTCGG	2.304602933535285	0.37867356233855914	0.0	0.3292495030078319	0.2920769346536089
CGCGT	2.3032829790862706	0.38671558872407336	0.0	0.3228460120517054	0.29043839922422127
TAAAG	2.3006916332774656	0.0	0.44901096324528583	0.2651670793955024	0.2858219573592118
TTAGG	2.285318490979149	0.0	0.35670793491583325	0.28775350053527154	0.3555385645488951
CTACG	2.2851432533622305	0.0	0.37306032944462253	0.3097445710915759	0.3171950994638016
TACGG	2.2848906050268996	0.3311062395237094	0.0	0.32392074301410057	0.34497301746219006
CCTTT	2.2789590545268865	0.3521793950670981	0.2970235121336386	0.3507970927992634	0.0
GTAAT	2.26946098896444	0.0	0.33830250598144573	0.3649876631132393	0.2967098309053149
GGGGA	2.268388899947322	0.3523950951921056	0.3015925220538822	0.0	0.34601238275401225
TGTAC	2.2668809847168667	0.38060102816735103	0.3041557368794886	0.31524323495316037	0.0
TCTTC	2.2643073462674685	0.23863622277693122	0.42551783518257813	0.3358459420404907	0.0
CGCTA	2.2536364635641544	0.37982475759271705	0.0	0.3106882812231369	0.3094869611841461
TAACG	2.2522979279327355	0.0	0.2536877848200485	0.4680495240815798	0.2782626910983716
GAAAC	2.2208693946277136	0.0	0.30799214352912624	0.383484986168497	0.3085228703023768
GGGCT	2.2191656370262027	0.335305870659085	0.3433995284663491	0.0	0.32129460087456596
AAAAA	2.2135967941161794	0.0	0.35912270501749716	0.352111115057107	0.28876617992539577
GCGCA	2.209721074117876	0.3226702816448641	0.38800054956330327	0.0	0.2893291687918326
CAAAC	2.208710699048573	0.0	0.305147613276118	0.3260736034085893	0.36877878331529274
ATATA	2.2009047089363163	0.0	0.35107666435562174	0.3579709828982373	0.290952352746141
TTTAG	2.19880433973983	0.3177020870886146	0.3820919371249503	0.3002059757864352	0.0
CAGTT	2.1972014083920657	0.3243239890638538	0.3619862414668143	0.0	0.3136897694693318
AAAGT	2.190729933712106	0.0	0.4485045621362529	0.24506899366771895	0.3064264441960281
AAAGC	2.1854617649205244	0.0	0.3086599243319374	0.3994910489911452	0.2918490266769176
TATAC	2.182703290363256	0.34722717553754895	0.2929875200650864	0.35978530439736456	0.0
AGTAG	2.1825396075998027	0.3517052668954764	0.34066269525449566	0.30763203785002796	0.0
CGTAA	2.1768278688378895	0.38161951254896886	0.23760540164837893	0.3807750858026522	0.0
GAGTG	2.1735877665898697	0.33257212715743967	0.3284704781507199	0.0	0.33895739469184055
GAACG	2.1702703881345946	0.0	0.325057281961423	0.3640200637069062	0.3109226543316709
CGCTG	2.1562785801648325	0.2877055551877563	0.0	0.33904167857161066	0.3732527662406329
CAATC	2.1562091752394896	0.0	0.43748820117893616	0.2749030304933074	0.2876087683277564
ACACC	2.1482403347715335	0.0	0.2972293355616419	0.3708954261501269	0.33187523828823123
TGTAT	2.1433641826934293	0.3335008139266108	0.31216226680087866	0.3543369192725104	0.0
CAAAA	2.138820271096966	0.0	0.3566427997511375	0.35599977670179234	0.2873574235470703
TTCCT	2.1308114564024834	0.30672002558877637	0.0	0.32718811442474627	0.3660918599864775
GTACT	2.126274949381761	0.0	0.3475580473593068	0.3255923997050813	0.326849552935612
ATAAC	2.12189524140801	0.0	0.17975696074986913	0.4872763089007971	0.3329667303493338
GAACC	2.119032295946506	0.0	0.34612424629105226	0.32525301971703513	0.3286227339919125
CTGAT	2.1055458078097957	0.31203163461949424	0.39690412213925763	0.0	0.2910642432412482
TCGAT	2.1029330578381913	0.28144713040566305	0.3802893843596603	0.0	0.33826348523467664
GGATG	2.087361174382909	0.0	0.33645966378944375	0.35812418311197114	0.30541615309858505
GTAAC	2.0854236083188367	0.0	0.3941066975835983	0.3214852997233617	0.28440800269303995
GTTAC	2.0844541650510315	0.35497339362139346	0.2722408498403899	0.37278575653821666	0.0
AAGTT	2.082745815029649	0.23956040968212583	0.33807988960721724	0.0	0.4223597007106568
TTAAG	2.0824618008094746	0.0	0.34836959293395087	0.3257301178400753	0.3259002892259739
CCTAC	2.074264378037214	0.2950858006855388	0.38241516135897535	0.3224990379554858	0.0
TATAT	2.0532447053761076	0.3646121636492981	0.37925625379565414	0.2561315825550477	0.0
CCTAT	2.0531955432099123	0.27462511996708006	0.38955851476877035	0.3358163652641497	0.0
AAAAG	2.0530142083938947	0.0	0.3519564831100512	0.37835653939534547	0.26968697749460335
GCACT	2.045605117286181	0.0	0.33815651932135854	0.2984922273918124	0.3633512532868291
TACCG	2.034872544312517	0.3119367863760878	0.0	0.3333493133546563	0.3547139002692558
GTGAT	2.0188834228205126	0.32745129046839505	0.2874121446623388	0.0	0.3851365648692661
AATGG	2.0158765570249324	0.32227586876482744	0.3679493229528926	0.3097748082822799	0.0
GAAGC	2.015349254622036	0.0	0.35359684410933057	0.34383519300162846	0.302567962889041
ATAGT	2.0095899773248678	0.0	0.29990888333014853	0.3374052769417506	0.36268583972810087
GCGTT	2.0091956343136883	0.2923575241361202	0.3917592612775107	0.0	0.3158832145863692
TGGCA	2.007265887159158	0.36180896490493086	0.2808344702576772	0.0	0.357356564837392
GAACT	2.005287581470328	0.0	0.32979138477466946	0.3265799243731596	0.343628690852171
GCTTC	2.005250634335688	0.36277326865151316	0.30587532015212104	0.3313514111963658	0.0
CTTAA	2.001153019198955	0.3256198667687429	0.3729855914899211	0.3013945417413361	0.0
GAGTT	1.9991187910316905	0.30813777248408986	0.3182326277064681	0.0	0.373629599809442
CATGA	1.9931741613627314	0.3334966649413054	0.3336219249052544	0.3328814101534402	0.0
GAGAT	1.9824591477166962	0.345509651768733	0.3207469892196562	0.0	0.3337433590116108
TGCTC	1.9767204285760482	0.4121386424454005	0.0	0.2773015547424139	0.3105598028121855
GCAAC	1.967238431143394	0.0	0.33308587296592795	0.3456821843231744	0.32123194271089756
GAAAT	1.9658010776188422	0.0	0.3783392051696774	0.30850615133682135	0.31315464349350114
TACAA	1.9642927929478233	0.3796325492212924	0.0	0.2789304159571907	0.3414370348215168
TAACC	1.959248610199034	0.0	0.25968590767059807	0.38219794271669216	0.35811614961270977
CTACA	1.9578328999217929	0.0	0.30618629038000633	0.32378422942138757	0.3700294801986061
CTTAT	1.9577307732839917	0.3581472887435266	0.3774839249479285	0.2643687863085448	0.0
TAAGC	1.9552318051967266	0.0	0.24349760873984322	0.40426696792510625	0.3522354233350506
TGTAG	1.9533548790173048	0.3726959039261544	0.34028667100134813	0.28701742507249745	0.0
CTAAC	1.9525522880022255	0.0	0.35726947400723796	0.31451749432551257	0.3282130316672494
GAAAA	1.9483902948202854	0.0	0.36958823466343804	0.2835781573819701	0.34683360795459195
ATTAC	1.9473088152685354	0.31702417597833354	0.3443307555746877	0.3386450684469787	0.0
AACAC	1.941688102827345	0.35234971390242975	0.0	0.3066788726813744	0.3409714134161959
CTAAT	1.940501110626252	0.0	0.3556952672564831	0.33725485695822527	0.3070498757852916
AAAAC	1.9301660976782897	0.0	0.38185944475013917	0.32943536937133194	0.28870518587852884
TATTT	1.9246078070939916	0.32074816042545745	0.3459907604388932	0.33326107913564934	0.0
GAATT	1.9210005942158666	0.0	0.3671291531025983	0.29993508687631026	0.3329357600210914
ATAGC	1.9189456710340442	0.0	0.30855799891286495	0.3694098656981182	0.32203213538901687
TGCGT	1.916900994938309	0.2922476665778352	0.0	0.455299789620327	0.2524525438018378
CATAG	1.9150968315728387	0.33261076240148624	0.3104546645398005	0.35693457305871334	0.0
CCTAG	1.9094976773522156	0.20864808070188667	0.46905757741996307	0.3222943418781502	0.0
TCATC	1.9090426094344348	0.0	0.38412971874399354	0.3297629326140332	0.2861073486419731
GTAGG	1.907383131224496	0.0	0.2942848080414161	0.4275707195087719	0.278144472449812
GATTT	1.9072881604420067	0.3384096123713832	0.29787892394844817	0.3637114636801687	0.0
TACCC	1.9048922387288392	0.28079621526112436	0.0	0.32853857773383577	0.39066520700503987
ACAAT	1.896571278919931	0.0	0.2940481395635486	0.37292474845831575	0.3330271119781357
ACCTA	1.8953962850867794	0.280498609920061	0.0	0.35556603077311427	0.3639353593068248
GATAG	1.8952176346939438	0.33276969793845335	0.24866780273892852	0.4185624993226182	0.0
GATAT	1.8926220883154188	0.3382509458824355	0.3419910900927591	0.3197579640248055	0.0
TTGCG	1.885458990368434	0.38890181637173293	0.33865488638812347	0.0	0.27244329724014354
GTACC	1.8851424394537206	0.0	0.2881092011499408	0.365146736693995	0.34674406215606407
GCACG	1.8796608210648615	0.0	0.3992357374793942	0.22165825801656341	0.3791060045040424
ACTTG	1.8707305129938385	0.37005737018062224	0.28379083870703714	0.3461517911123407	0.0
AAACC	1.8689721699057713	0.0	0.38100608581025874	0.33239963950880647	0.2865942746809349
CAACT	1.8683064756206544	0.0	0.3029153234321346	0.3265850430750476	0.3704996334928178
GCAGT	1.8649332752911914	0.0	0.3673541007572603	0.304343257313805	0.32830264192893466
TAAAA	1.8619868348007083	0.0	0.3108103765094065	0.3440206161384947	0.3451690073520987
TGGAT	1.8601990951688199	0.3431082509207311	0.32983453442393684	0.0	0.327057214655332
ATAGA	1.8558199930324681	0.0	0.32621925852347144	0.36596856014940976	0.30781218132711896
AATTT	1.855152487467131	0.3895109869108527	0.27052934920782973	0.33995966388131776	0.0
GATGC	1.851788130378715	0.2972478988059468	0.4125643146575189	0.2901877865365344	0.0
GTTAT	1.8333254942714956	0.3402466626544356	0.35235576505638155	0.3073975722891828	0.0
TTCCG	1.8277466429540894	0.2590776171157275	0.0	0.4066799750288461	0.3342424078554263
TAAAT	1.8201733179272117	0.0	0.319377664618949	0.30606487144060224	0.3745574639404487
CAAGT	1.81765774280363	0.0	0.31750647624273026	0.3175441172205328	0.364949406536737
GATTA	1.8155921749651038	0.3059934674377405	0.36480572074183737	0.3292008118204221	0.0
CTTAG	1.8068735336495272	0.23573834767606106	0.34544027644303527	0.4188213758809036	0.0
CTAGC	1.8056092017712726	0.0	0.4147193663409603	0.24582998258231925	0.33945065107672046
GTTGA	1.7848616799006343	0.30627223815194826	0.34672313509388947	0.34700462675416216	0.0
TGCCC	1.7768831139314973	0.2956023540324533	0.0	0.32594083107321037	0.37845681489433636
TACAG	1.7724592645025434	0.343831226365801	0.0	0.3747226882181758	0.2814460854160232
CTGCG	1.7659918551976257	0.3209330963671424	0.30093050634860335	0.0	0.3781363972842543
ATCTA	1.7619003382909018	0.3155344719584865	0.0	0.38195537016253445	0.3025101578789791
TAAGG	1.74690064987893	0.0	0.36003707914710326	0.3277883032725833	0.3121746175803135
CAACG	1.7425727352178546	0.0	0.3087910148311315	0.33387063822315166	0.3573383469457168
TGGTT	1.739793170787167	0.3495590912751592	0.31145051591937417	0.0	0.33899039280546667
TACAT	1.7360505430498407	0.3558249861181348	0.0	0.355437307096678	0.2887377067851873
CGCCC	1.7296123006878419	0.3973625861815938	0.0	0.28997719480996825	0.312660219008438
AATTG	1.728140843757092	0.3135488360194512	0.2923504584434721	0.3941007055370767	0.0
TAAGT	1.7243596266395755	0.0	0.4673864569484071	0.25437080506144594	0.278242737990147
CGTAT	1.7184118443492324	0.355317601201201	0.30281905213607774	0.34186334666272133	0.0
AATGC	1.7160934019877785	0.24800311841877126	0.4327156066852163	0.31928127489601243	0.0
TAACT	1.709455491327989	0.0	0.37362670182052	0.3251626113369092	0.3012106868425708
ATTAA	1.7052014766585617	0.32728944742204596	0.2587111105047058	0.4139994420732483	0.0
CCTTA	1.7044357313676644	0.3592699619021765	0.3333403303328379	0.3073897077649857	0.0
GCATT	1.700017258979046	0.0	0.3288630522168304	0.28142958291503245	0.3897073648681373
CGCGA	1.697423610169488	0.39056157981877315	0.0	0.25315216529196904	0.35628625488925786
CGTTA	1.683700930991217	0.39126768409501445	0.19287749652872005	0.41585481937626545	0.0
CCATC	1.6781056940838837	0.0	0.33623206169020964	0.3362661851928708	0.3275017531169196
TAAGA	1.6766981004164818	0.0	0.26049281226700854	0.4790273641564945	0.2604798235764969
CTGCA	1.6764808933428714	0.2986815198144814	0.34399229877166326	0.0	0.3573261814138554
CGGTG	1.6756315565522082	0.4047728723813161	0.35816250229374247	0.0	0.23706462532494144
AAGCG	1.6739941217539076	0.33301764763120034	0.4870748836636901	0.0	0.1799074687051095
CTAGG	1.668418400327877	0.0	0.379275809994383	0.30556711098122025	0.31515707902439677
ACATG	1.6611308351710345	0.0	0.3444790598876593	0.31958713467388833	0.3359338054384523
TCATA	1.6606665647651595	0.0	0.2886022036700631	0.3328457150516517	0.3785520812782852
TTAAC	1.658466146623522	0.0	0.41342645737173167	0.1948802254848051	0.3916933171434632
GCGCG	1.6576296202911134	0.28416263354499277	0.4098702215897388	0.0	0.3059671448652685
CATAC	1.6516506590850693	0.34079543513770894	0.3619970628095713	0.2972075020527197	0.0
GGACG	1.646598266526341	0.0	0.3444988503343301	0.3802885607489257	0.27521258891674416
TCCAC	1.645904652159975	0.3254450446645216	0.0	0.3768235368824523	0.29773141845302614
CGCCG	1.6410624383408885	0.30280169516561734	0.0	0.31758871901361896	0.37960958582076376
GGAAT	1.637976247535042	0.0	0.2915245710304137	0.3612785814147221	0.34719684755486435
TATAG	1.6343833952697635	0.37777682919333	0.23937311477968218	0.3828500560269878	0.0
AATAC	1.6276326694541319	0.2866975428133089	0.3379096350588742	0.3753928221278169	0.0
ATAAT	1.620095452438154	0.0	0.3737201830273307	0.3068850589783828	0.3193947579942865
CATTA	1.6192478743933094	0.33158449408477425	0.3849295650901081	0.28348594082511763	0.0
TGCCT	1.6135072993428514	0.31344403240762314	0.0	0.37209330229486415	0.3144626652975127
CGAGA	1.6119702615854345	0.0	0.3757180655242135	0.3142853867850705	0.30999654769071594
ACCTG	1.6098891884763966	0.3433039808847557	0.0	0.300512674290718	0.35618334482452635
ATCGA	1.6079077176230567	0.4230140110436648	0.0	0.3107567378302113	0.2662292511261239
GCATA	1.603522944796214	0.0	0.25494617958792865	0.3715294752287454	0.373524345183326
CCATA	1.6008277941364193	0.0	0.42473231476213397	0.30604569887266464	0.26922198636520134
ACTTA	1.5943706434800142	0.362288066930271	0.2755169364552116	0.3621949966145173	0.0
TGCTT	1.582773725395206	0.3222339367369027	0.0	0.3556694659766324	0.3220965972864648
AATTC	1.578069939971992	0.42119974260064513	0.2720839540621801	0.30671630333717476	0.0
TTGTG	1.5778894261492087	0.31455882710529914	0.3385517095402939	0.0	0.34688946335440696
AACAG	1.574744173011439	0.34367056503655624	0.0	0.3980191054416256	0.25831032952181826
CCTGG	1.5706427255150857	0.35950262610473666	0.31205499389865954	0.3284423799966038	0.0
ACTAA	1.5648657372427417	0.2525044280627764	0.38733307975003245	0.36016249218719104	0.0
TACCT	1.559833461802941	0.34735312639060517	0.0	0.25695460674627496	0.3956922668631199
CCACA	1.5571244339756203	0.0	0.29936207380917795	0.3388587825629132	0.3617791436279089
GAGGT	1.5532205292656611	0.3747091624214364	0.2847827840437815	0.0	0.34050805353478214
ACATT	1.546648484968461	0.0	0.3438434250127747	0.2773489748469864	0.3788076001402389
ACGTG	1.5455702837760834	0.447280046210602	0.2979849755930077	0.0	0.2547349781963904
AACAT	1.5402685166130732	0.3100237089722139	0.0	0.34524054023371364	0.34473575079407254
GCTAC	1.5386771825986307	0.3002677776722348	0.34920708840642656	0.3505251339213387	0.0
GTAGT	1.5343738172131576	0.0	0.32054618085789743	0.3122430132542844	0.3672108058878182
TGTTA	1.5313972454103166	0.37493373993567675	0.3126873083420557	0.3123789517222676	0.0
CCTAA	1.5293286854784784	0.2875746503654977	0.42557100795443364	0.2868543416800686	0.0
AAGGT	1.528650380057003	0.4106373655762148	0.19627770911227196	0.0	0.3930849253115132
ACGGA	1.5284475435733493	0.2813834748139729	0.4109534346019799	0.0	0.3076630905840473
CATGC	1.5226503684237456	0.3246984799024974	0.3412747722188775	0.3340267478786251	0.0
CTGTG	1.519824976087309	0.329163749087769	0.32241750255934354	0.0	0.34841874835288755
ATGTG	1.5193240920894207	0.34013780346177225	0.3683606125494957	0.0	0.29150158398873205
GATTC	1.5185043596367254	0.31470160403696285	0.3206083541838079	0.36469004177922926	0.0
ACTTC	1.5154929651670908	0.38804648171005174	0.36547079768996343	0.24648272059998477	0.0
GGGCG	1.5072948872226872	0.3742762674341811	0.3361073374214153	0.0	0.28961639514440357
CGAGT	1.5071049985980869	0.0	0.3169851508002923	0.33629984039986616	0.34671500879984163
TGCTG	1.5058019234637086	0.2538038625402199	0.0	0.3645088181020515	0.38168731935772865
AATAA	1.5027997644303897	0.3516251362188226	0.3106439435328996	0.3377309202482779	0.0
CCATT	1.4964792313162478	0.0	0.3755762916869963	0.32138125002833673	0.30304245828466714
CGATT	1.4943907089082233	0.0	0.3609472310944777	0.27764622548557427	0.3614065434199481
CCGTG	1.4769464384030195	0.351280014129163	0.3005439073365882	0.0	0.34817607853424876
CGGCA	1.4723700660738972	0.40058323175429483	0.30859679163016235	0.0	0.2908199766155428
TTCTC	1.4720809137859943	0.3085505781239516	0.0	0.3644886319644824	0.326960789911566
CCACC	1.463438465544255	0.0	0.44437208024705344	0.2562050941425306	0.29942282561041605
GAGAA	1.4602363037568575	0.335293268642622	0.2881237451962621	0.0	0.3765829861611159
CGTTG	1.4497739440923392	0.43591431197302094	0.2646296411684762	0.2994560468585028	0.0
TGCCG	1.444679780304643	0.255349097859461	0.0	0.41232022936538	0.33233067277515904
GAAGT	1.441662511816113	0.0	0.3023670245481604	0.33729564709510895	0.36033732835673077
ACTGC	1.4231064915895668	0.3477020926750333	0.28329760792587977	0.3690002993990869	0.0
ACTAG	1.414164846865738	0.28659866776732607	0.39414222438513735	0.31925910784753647	0.0
GATGA	1.4118834495403536	0.36658284214430165	0.3280549513567016	0.3053622064989967	0.0
AGAGG	1.4073478354891098	0.0	0.3455490125936548	0.3565835277583209	0.2978674596480243
TATTA	1.40371696141597	0.34884271649689974	0.3366086582982596	0.3145486252048408	0.0
TGGCG	1.4033075945146	0.2738868081083706	0.33381429096321924	0.0	0.3922989009284102
CCATG	1.4008114783516585	0.0	0.332946873390621	0.36604002985550665	0.3010130967538724
GCATG	1.3996857637834244	0.0	0.31106033873168737	0.37061727498505126	0.31832238628326137
AAAGA	1.394745743729031	0.0	0.31657286857518785	0.31833341477340826	0.3650937166514039
GGTTC	1.391254986332597	0.3364914155849434	0.3224872651726927	0.3410213192423639	0.0
TCATG	1.3908374364507998	0.0	0.29515132134497024	0.3175262140336464	0.3873224646213834
TCGAA	1.39078142121012	0.3316405405896341	0.5031770761839168	0.0	0.16518238322644907
ATAAG	1.3865261982601946	0.0	0.26218298676951773	0.34185512937415785	0.3959618838563244
AGTTC	1.385886782597676	0.39066020466163004	0.32971023976712893	0.27962955557124103	0.0
TATTG	1.3851944956536628	0.3132581905965975	0.2942552701278851	0.3924865392755173	0.0
TCAGC	1.3837556845238788	0.0	0.3742158735681586	0.30313030190730644	0.32265382452453484
CTAGA	1.379759928215276	0.0	0.43766828678540337	0.19847236733332904	0.36385934588126756
TAGTG	1.3791576295312675	0.34072143102604335	0.29008515012964553	0.0	0.36919341884431106
GAAAG	1.3776101036528243	0.0	0.33634444740058517	0.30064827020665075	0.36300728239276403
AGTAT	1.3673485724329077	0.3913536939632878	0.2872085489356297	0.3214377571010825	0.0
CATTT	1.3657008756602134	0.3333697671365489	0.346614636947914	0.32001559591553713	0.0
ACACG	1.364971726722162	0.0	0.35559144527990844	0.33339423976991556	0.31101431495017595
ACTAC	1.3649009183071719	0.3438965853894973	0.32618338362979976	0.32992003098070294	0.0
CATTC	1.360099651208598	0.36428480687207276	0.3272572011702443	0.3084579919576829	0.0
CATGG	1.3561633820690837	0.25375055254945844	0.42893363894682457	0.317315808503717	0.0
GTTTC	1.3545363590227941	0.34233220465008574	0.3244081623998831	0.33325963295003125	0.0
TGCAC	1.3504596870301189	0.2845055450770413	0.0	0.34638265110410943	0.36911180381884917
GGTGA	1.3502710114494607	0.31390603014001955	0.3579526371678784	0.32814133269210194	0.0
TATTC	1.3496086701418983	0.3647876276480511	0.22862594913833445	0.4065864232136143	0.0
CCACG	1.349213486474984	0.0	0.4489816369807757	0.19774471066817575	0.35327365235104863
TCACC	1.346857854782785	0.0	0.32385282764640555	0.3403419181349615	0.33580525421863294
CATGT	1.3450627888323605	0.3209638206007438	0.32006105019360226	0.358975129205654	0.0
GAACA	1.3448309427071514	0.0	0.35614296654821204	0.30384549209164496	0.34001154136014305
TCACT	1.344016376835774	0.0	0.3099976863191214	0.3271895659125795	0.3628127477682992
TGGTG	1.3436530383910106	0.3468847263354746	0.31890469960905454	0.0	0.3342105740554709
CGCAA	1.341288132303427	0.5258733781158874	0.0	0.1413969133455977	0.332729708538515
AGCCT	1.3390776006853682	0.34006618568163427	0.0	0.3285388361791194	0.3313949781392463
AGGTG	1.337364069109669	0.3416635012014697	0.3156223257927633	0.0	0.34271417300576706
GGAAA	1.333662774189357	0.0	0.26713499717191214	0.34150437450725196	0.39136062832083596
TCTAT	1.3312446301452916	0.34195332850902	0.3602364258082243	0.2978102456827557	0.0
TCATT	1.3293010608075981	0.0	0.4050436453639699	0.2358728751714444	0.35908347946458574
CTGTT	1.3288399263185193	0.31265055890773147	0.37507358944959	0.0	0.3122758516426785
AGTTT	1.3240295727848925	0.41822049563341057	0.2547267195416284	0.3270527848249611	0.0
CGACA	1.3219910381870608	0.0	0.3383075488372452	0.31875572177435946	0.34293672938839537
TCTTT	1.3211742138867715	0.2868276786994999	0.455845546084014	0.25732677521648617	0.0
ATGCG	1.3207601940366747	0.2144337080325292	0.33242684447495874	0.0	0.45313944749251206
ACATA	1.3203773177929254	0.0	0.3198309575696258	0.319769704752503	0.36039933767787113
GGGAG	1.3168874456110748	0.2780405857707957	0.3543036324200831	0.0	0.3676557818091212
TCTGC	1.316608897900744	0.31414746099822116	0.3183407217677132	0.36751181723406556	0.0
TCGTG	1.3159483005983021	0.4005391104485303	0.3108074195922391	0.0	0.2886534699592306
GATGG	1.314742380521901	0.3264603883048488	0.3199567733569382	0.353582838338213	0.0
AAGAT	1.3099094955083992	0.40645482876652855	0.29695034004248066	0.0	0.29659483119099084
CCGAT	1.3096186410408541	0.31410229210153784	0.36252586904795275	0.0	0.32337183885050946
GGAGT	1.3085739999989219	0.0	0.3354768331372489	0.321756037260411	0.34276712960234007
GCTAT	1.3037156443092246	0.3084716681417132	0.35642628738448573	0.33510204447380115	0.0
CCGGA	1.2993619978148503	0.3325901932000603	0.31720828835047615	0.0	0.3502015184494635
TATAA	1.2991599712673998	0.33941663251951065	0.2593387741012369	0.4012445933792524	0.0
GTGTG	1.297858513496314	0.3445039595051791	0.28228642237473756	0.0	0.37320961812008346
ACTAT	1.2969575798548423	0.33506074564702	0.36421199239429736	0.30072726195868266	0.0
CAGTG	1.2954866766154196	0.3267838899817077	0.38040003773117603	0.0	0.29281607228711626
TCGCG	1.2894495828697878	0.3497416885052279	0.45181086295348927	0.0	0.19844744854128274
AAGTG	1.2883657798661579	0.2721983141029949	0.39127583713020414	0.0	0.336525848766801
TGTAA	1.2878705494091476	0.41903320271482913	0.2487178093084689	0.332248987976702	0.0
CCACT	1.2868360638639813	0.0	0.28691653482464263	0.46937071959953874	0.24371274557581862
CGTGG	1.2857832499859116	0.32539770247717603	0.37238690140850084	0.3022153961143231	0.0
TCTAG	1.2840717624105435	0.32790296650552825	0.3113901369839785	0.3607068965104931	0.0
GGTTA	1.270258946440278	0.30604214950411585	0.34637711794570264	0.3475807325501815	0.0
ATTTC	1.2690547591479389	0.2932356434809882	0.3326972985748081	0.37406705794420375	0.0
CCGCG	1.268731586163009	0.2622215235493235	0.45085607567872377	0.0	0.2869224007719527
AAACT	1.2630825862726274	0.0	0.3374217528603261	0.2868308108251954	0.37574743631447854
ACATC	1.258378099644704	0.0	0.47240090733490997	0.26356919818607205	0.2640298944790181
TCTTG	1.2550360630893849	0.4146648702227788	0.24035062465643708	0.3449845051207841	0.0
ATCTC	1.24789240243574	0.344990126470268	0.0	0.402037622072892	0.25297225145684005
GTAGC	1.241601413707103	0.0	0.3234754218486419	0.348650367715679	0.3278742104356791
TAACA	1.2407948890720766	0.0	0.3185117414547493	0.3623906391895908	0.31909761935565994
AAACA	1.239515464125794	0.0	0.28478328181335766	0.34388202804403534	0.371334690142607
GATAA	1.2366052815857653	0.35899351034206345	0.33401937284946775	0.3069871168084689	0.0
AGACC	1.2350793694187359	0.0	0.3375041057101023	0.3002575710223457	0.36223832326755206
GCATC	1.2330733478599947	0.0	0.3202016925812045	0.3027525206544118	0.37704578676438366
CAGTC	1.226740408014943	0.3289551598034562	0.29972996058537277	0.0	0.37131487961117116
CCAAG	1.2190280047772621	0.0	0.320730464419487	0.33580304796464044	0.3434664876158726
CCAAA	1.2147968076090798	0.0	0.3213090879814122	0.2248535764911512	0.4538373355274365
ATTTG	1.2096551494723655	0.29072398540586525	0.3163248223364895	0.3929511922576453	0.0
GTTTA	1.2030554594337775	0.306038751650907	0.3871920981411111	0.3067691502079819	0.0
GGAAG	1.2028694504979363	0.0	0.32056794975088193	0.31260936170851944	0.36682268854059874
ACAGT	1.200373220973118	0.0	0.35882255861330176	0.37310510316798534	0.26807233821871285
TTCAG	1.19672798105475	0.29210814614237457	0.0	0.40239351697175907	0.30549833688586636
CTCGC	1.1894769041715751	0.45415062394734135	0.0	0.36454520315041367	0.18130417290224496
GGGTG	1.188309378492928	0.3445787629116514	0.32640918371883654	0.0	0.3290120533695121
GACTA	1.1758246264898222	0.32646280033492886	0.0	0.35617577156128927	0.3173614281037818
AAAGG	1.174500782634476	0.0	0.31306461988086126	0.34668464285019707	0.3402507372689416
ATGGA	1.170330605872649	0.3610921264854978	0.3496703082869587	0.0	0.28923756522754335
GCACC	1.1664868571261597	0.0	0.31666372581812036	0.23296369889645754	0.4503725752854222
CAAGC	1.165626323998415	0.0	0.3336874038634683	0.3105117467978818	0.35580084933864986
TATCG	1.1650242568085458	0.5025367411972667	0.22088137411527003	0.27658188468746325	0.0
CTTTT	1.159730938285677	0.36723744578125495	0.29118451790416183	0.3415780363145831	0.0
CACTG	1.155960938060131	0.3436755169163525	0.0	0.32702447055719835	0.32930001252644914
TTTTC	1.1539465163344695	0.3656920988345693	0.26718258165379655	0.3671253195116341	0.0
CTTTA	1.1486808997317346	0.40075066904318407	0.3267157484604897	0.27253358249632625	0.0
TGATC	1.1466050068607132	0.0	0.23524627567622897	0.47396699108278645	0.29078673324098453
GACCA	1.143558662173009	0.35398605395521726	0.0	0.3453067989866718	0.3007071470581109
TTTTT	1.1432970039802308	0.26817457149228907	0.36600528563275314	0.3658201428749577	0.0
CGCAG	1.1383386411951326	0.3741992346810703	0.0	0.2852602445292829	0.3405405207896467
ACAGC	1.1335839275686435	0.0	0.3575591687620257	0.2986134973189229	0.34382733391905135
ACCTT	1.1312882867033203	0.31335777059769127	0.0	0.36823593588664605	0.3184062935156627
ACCTC	1.1312334678278746	0.3134584864482312	0.0	0.3127821811887126	0.3737593323630561
CGGCC	1.1294432614340466	0.37410032061823506	0.28216154555101786	0.0	0.3437381338307471
TGACT	1.1253983467418334	0.0	0.32674755327558386	0.2986295145036204	0.3746229322207957
CGTTC	1.125364741041064	0.2297662887765938	0.2686543504297717	0.5015793607936345	0.0
TGATA	1.125097946552565	0.0	0.37617093391983886	0.321330093753748	0.30249897232641304
TCAGT	1.1195925981797867	0.0	0.34972176717432335	0.3467834028621849	0.30349482996349164
AGATG	1.1148186975385082	0.0	0.3210705153812677	0.33630766607024853	0.3426218185484838
CGGCG	1.1138954946002029	0.31416373009194626	0.4004719398943747	0.0	0.2853643300136791
GAGCC	1.1131105515373685	0.28488649944328337	0.41029359931429543	0.0	0.3048199012424213
TCAAT	1.1120504461113352	0.0	0.25283329192640064	0.35641896318701727	0.3907477448865821
CCAAT	1.1102250624642043	0.0	0.2815361296156577	0.38640710691295993	0.3320567634713823
CGCGG	1.1036936840594034	0.42568540076502986	0.0	0.275376709650655	0.2989378895843152
CGACT	1.102911758584979	0.0	0.3364089561896155	0.23974892895387023	0.4238421148565143
AGTCC	1.1020763550341863	0.25770653785607517	0.40868159634793305	0.33361186579599184	0.0
GGTCT	1.0971246674815163	0.30611961774637714	0.36655764760191073	0.32732273465171213	0.0
GCGAT	1.0958522205582018	0.11005057252458574	0.6422599238264939	0.0	0.24768950364892028
GGTGG	1.0948894646532392	0.3305799996293909	0.3459353958821432	0.323484604488466	0.0
GCGTG	1.0940489867314134	0.4256474303968495	0.23335519395346746	0.0	0.34099737564968324
TGAGG	1.0940263821248022	0.0	0.3605357413120625	0.3329777261994087	0.30648653248852875
AATGT	1.0921995579683583	0.22184808318338575	0.41715706239146366	0.36099485442515056	0.0
AGGGA	1.0906096855893135	0.3336723778185053	0.29687161062552786	0.0	0.36945601155596686
TCCTT	1.0875173295551543	0.32513572876477775	0.0	0.3736634656191222	0.3012008056161
GCTAA	1.0789880154953952	0.44608459496112723	0.3320853608641603	0.2218300441747125	0.0
TTGCC	1.0784069356752641	0.4119692030316242	0.2937458460237671	0.0	0.29428495094460866
TACGA	1.074508303555281	0.29985732212068494	0.0	0.38756274632256327	0.31257993155675173
TGTTC	1.070343679612659	0.29708260656572144	0.29615821380003426	0.40675917963424435	0.0
AGAGA	1.0699286191462505	0.0	0.3854880706669144	0.30333424963168726	0.3111776797013984
TGTTT	1.0653982214818352	0.4140698907000566	0.2874704242991865	0.2984596850007569	0.0
AGACG	1.0649101379485242	0.0	0.24909529838772618	0.36653308927698647	0.3843716123352874
GAGCA	1.06228464637292	0.27714115688769586	0.4082900229642016	0.0	0.31456882014810256
AGGGT	1.062207021288631	0.40046509810173236	0.29974828146687416	0.0	0.29978662043139354
GATTG	1.0583322205943715	0.42051962915103114	0.32056330294316415	0.25891706790580477	0.0
TCAAC	1.057354092146052	0.0	0.43146404463579663	0.2921590019350611	0.27637695342914226
AGACA	1.055603309729253	0.0	0.3143758719029392	0.36528607532815327	0.3203380527689076
TAGCG	1.054551138332528	0.18442166568383286	0.48351580428378227	0.0	0.33206253003238484
CGTCG	1.0543697087248654	0.24824461206842047	0.24844158950275402	0.5033137984288255	0.0
TTGAG	1.0542807834728634	0.39247904394330546	0.24928107096263646	0.0	0.35823988509405813
TGCTA	1.052171959812945	0.3331107891556477	0.0	0.3813860131607777	0.2855031976835745
TGAAC	1.052130271560714	0.0	0.3732883891681565	0.3068794644109941	0.3198321464208495
GCTTT	1.049179381141469	0.31224215002377864	0.3635419587843455	0.3242158911918758	0.0
CGAAT	1.0463177294169745	0.0	0.4137737816800599	0.310463663029059	0.27576255529088106
TGACC	1.0435787097281974	0.0	0.2655130243294179	0.35455004959706193	0.37993692607352014
TGAGC	1.0368092165845297	0.0	0.34996382717228297	0.2643873679211344	0.3856488049065827
CTTGC	1.0323864961306999	0.43531741988421657	0.3040093668877819	0.26067321322800147	0.0
TCCCG	1.0311032458113323	0.27072943118741555	0.0	0.26979893562109797	0.45947163319148643
TCAGA	1.028273108401948	0.0	0.3605646624238677	0.2796399459754916	0.35979539160064056
ATTGT	1.0279579981403644	0.37133180616545775	0.28178565780570625	0.34688253602883595	0.0
CCAGT	1.0240397645958703	0.0	0.2989095216305978	0.37433076215762046	0.32675971621178174
TGATT	1.0217143307895489	0.0	0.360559642770434	0.33670802989072823	0.3027323273388378
CGATA	1.0193331042979092	0.0	0.23043106901905352	0.43655829529166906	0.3330106356892774
ACAAC	1.0188029487857568	0.0	0.3620516124845397	0.3274478458557733	0.310500541659687
ATCAC	1.0168792888672693	0.3670204410916349	0.0	0.33334250719560216	0.299637051712763
CACAG	1.0159173658213925	0.29347585192314374	0.0	0.3588742085842457	0.34764993949261064
CGCAC	1.0132558678567178	0.1493051044120083	0.0	0.7012254263109848	0.14946946927700683
AATCA	1.0066929630542734	0.3812953990600942	0.28507481591604106	0.3336297850238648	0.0
CTTTG	0.9970572380189255	0.3938800586049144	0.274860052528352	0.3312598888667337	0.0
ATGAA	0.9955869260681618	0.30396330218573603	0.361285407379707	0.0	0.3347512904345569
CTTTC	0.993704662857596	0.29205831961739737	0.39101753627844077	0.31692414410416186	0.0
TCAGG	0.9903021817468333	0.0	0.3378793287748595	0.4069636002044333	0.2551570710207072
CGAGC	0.9808846241720395	0.0	0.3242813232275798	0.2969424722006084	0.3787762045718119
TCTCC	0.9793770075795571	0.3391341521573914	0.33119140056536384	0.3296744472772448	0.0
CAACC	0.9773035676902604	0.0	0.3947124367155815	0.3238313372395273	0.28145622604489123
CACTA	0.9755776861574965	0.24935684996930949	0.0	0.33851485467140396	0.4121282953592865
AGTCA	0.9750878087048487	0.30314584311023085	0.3040664106140338	0.39278774627573537	0.0
GCTAG	0.9739809124184218	0.3968884665189773	0.2828100274020915	0.3203015060789312	0.0
TCCTC	0.971468924966605	0.3439868228314411	0.0	0.3302457764300629	0.3257674007384959
TCCGT	0.971149474870036	0.4069499232159036	0.0	0.31858118890114734	0.27446888788294915
ACTCT	0.9668043519490442	0.3670228556010193	0.3555080383973288	0.27746910600165187	0.0
CAGGA	0.9661335434060312	0.2660860388467944	0.38976436724067065	0.0	0.34414959391253497
GGGAA	0.9615583192332384	0.34290374216409863	0.33106792990330547	0.0	0.3260283279325959
TGCCA	0.9614597770457123	0.22887797424074996	0.0	0.39271878241744246	0.3784032433418076
TGTGA	0.9613858187947519	0.30585796211987115	0.32080075734206986	0.373341280538059	0.0
CAAGA	0.9613743867945901	0.0	0.38825457908681377	0.34010583056306326	0.271639590350123
TTAGA	0.9579719469711435	0.0	0.19347521423047997	0.38950093388066553	0.4170238518888545
ACGCG	0.9556664821814902	0.2492162887180508	0.4170887685890088	0.0	0.33369494269294037
TAGCC	0.9535185043519484	0.5003478989425916	0.35027623844529265	0.0	0.14937586261211586
CGCGC	0.9530251333998192	0.1426348593747097	0.0	0.7154871007330211	0.14187803989226913
CGTCC	0.9528291610604046	0.3286634206915586	0.28188502645745234	0.389451552850989	0.0
GGACC	0.9527696078010233	0.0	0.3041667580288066	0.30347842322429397	0.3923548187468994
GTTTT	0.9491028124514469	0.2829515871579908	0.388798242995117	0.32825016984689215	0.0
TCCCA	0.9480281415850059	0.26783340299450015	0.0	0.3464047102685434	0.38576188673695644
CACGC	0.9438072119523144	0.3627863924247231	0.0	0.3790584707671796	0.25815513680809715
CCGGT	0.9392068809581277	0.33983587430301726	0.26017915228789734	0.0	0.3999849734090854
CCAGC	0.9391273985462232	0.0	0.3231393067589883	0.3413823975158395	0.33547829572517224
CACCT	0.9391221804296288	0.3543467740533412	0.0	0.3385015719043499	0.3071516540423089
ATCAG	0.9355786668927968	0.2949361642813535	0.0	0.32667846780897936	0.3783853679096671
CGTGT	0.9284258808402299	0.34288753377102166	0.33573704539813487	0.3213754208308435	0.0
ACCCA	0.9280842987758976	0.4682536288377043	0.0	0.23290258331030173	0.29884378785199395
TGGGA	0.9266234816544452	0.2869898095065881	0.3250003176058802	0.0	0.38800987288753164
ATCCC	0.9264384109814223	0.38297706112784635	0.0	0.25508656815454633	0.3619363707176073
ATCGT	0.9256932902638438	0.26596076359701093	0.0	0.26609096215833516	0.4679482742446539
CGATC	0.9241639182237318	0.0	0.22676381628945386	0.501118996568148	0.2721171871423982
ATCCG	0.9197189611708324	0.32496503487990536	0.0	0.31911705230393334	0.35591791281616136
ATGGT	0.9175538118728925	0.3547891373588348	0.21982876664464593	0.0	0.42538209599651916
GGCTA	0.9138983723548557	0.40751970708175767	0.0	0.3132519707127162	0.2792283222055261
GACAC	0.9126232980182103	0.34129566761309615	0.0	0.35154771945092134	0.3071566129359825
GTGCT	0.910099827129492	0.32666338407683676	0.2905988682749151	0.0	0.3827377476482481
ACAAG	0.9087606813466361	0.0	0.31294652951321644	0.374091488126157	0.3129619823606266
CCTTG	0.9081649306358873	0.32884996166818803	0.36618507762383523	0.30496496070797674	0.0
TGTCC	0.9070257330670618	0.27770795575515167	0.30546708743441636	0.4168249568104319	0.0
CTGAA	0.9065562078372349	0.2653744276641845	0.3161449997424048	0.0	0.41848057259341076
CGGAA	0.9064717281808994	0.4283470307728957	0.23781596910385172	0.0	0.3338370001232525
TGAAG	0.9052462091449989	0.0	0.3721677412319757	0.29959737214936183	0.32823488661866246
CGATG	0.9037513770153301	0.0	0.2754318688603302	0.2412424897497569	0.48332564138991285
AGTGG	0.9020497225528289	0.36070021075899056	0.3267501169864444	0.31254967225456504	0.0
AGAAG	0.8991405343305221	0.0	0.3246906288129376	0.2852899557609849	0.3900194154260776
AGGAA	0.8980137168657396	0.23152622451146768	0.3916701070824952	0.0	0.37680366840603713
CAGGT	0.8975577253222728	0.3586136402593795	0.3598777958627912	0.0	0.2815085638778293
ACTTT	0.8950873378879266	0.27136733564851195	0.3591853692484826	0.36944729510300545	0.0
TTTGG	0.8915963722466996	0.3266667572967226	0.36539907164560587	0.3079341710576715	0.0
GCAGA	0.8907717611840373	0.0	0.3815026063479609	0.27955066662365036	0.3389467270283887
TGAAA	0.8907203180264125	0.0	0.3449959530707493	0.3625411914309592	0.2924628554982915
AGCGC	0.8898100457536723	0.17169357512536065	0.0	0.3791147226706462	0.4491917022039931
TGGGT	0.8895641063498338	0.346652712800975	0.3292997658250516	0.0	0.32404752137397347
CGGGT	0.8854814752316094	0.3934169705898399	0.30307791500298265	0.0	0.3035051144071774
CCAAC	0.8848520563665965	0.0	0.3252919436030035	0.3012476118699971	0.3734604445269994
GTTTG	0.8838885186446703	0.34381466690146645	0.1716406299905445	0.48454470310798897	0.0
ATTTT	0.8806793585203725	0.4056906338332615	0.2968795663849462	0.2974297997817923	0.0
GATCC	0.879876498949604	0.3113647826177537	0.3651661437743416	0.32346907360790467	0.0
GAGCG	0.8794420312055247	0.35564276873142237	0.3226457389859726	0.0	0.3217114922826051
CGGGA	0.8762043445987024	0.36898667279677233	0.33690726760774004	0.0	0.2941060595954875
GTGGT	0.8743244857673778	0.37705169436628727	0.3182270175836008	0.0	0.30472128805011195
CCTTC	0.8715268011798525	0.35217559994287684	0.3478553135198552	0.29996908653726795	0.0
TCAAG	0.8714491684997308	0.0	0.41073893437540737	0.35720966548660066	0.23205140013799197
CATCT	0.8691330176558842	0.31383112795487234	0.35556857811395226	0.3306002939311753	0.0
CTTGG	0.8674108101314836	0.3566167447385944	0.2876837910162521	0.35569946424515353	0.0
ATTGC	0.8667408221372478	0.3191862436998554	0.19946307858188553	0.4813506777182591	0.0
ACAGA	0.8667335026107033	0.0	0.37533702259556184	0.3213057217483867	0.30335725565605154
AGTAA	0.8666193106821535	0.25896217469920685	0.2768882275234729	0.46414959777732023	0.0
CTGAG	0.8664868608428282	0.33220636589303687	0.2805722610023746	0.0	0.38722137310458854
ATCAT	0.864441540492251	0.31431935579160264	0.0	0.3287006705480402	0.35697997366035716
GCAAG	0.8636010408700834	0.0	0.3045212346290994	0.353583110395382	0.3418956549755185
GGAGA	0.8633707678362338	0.0	0.298330837133544	0.4033834231778474	0.2982857396886085
TTTTA	0.8631814011767591	0.3935100491424916	0.24924819576018434	0.3572417550973241	0.0
CCTGT	0.8610540515335185	0.3504455938250833	0.3506686502836566	0.29888575589125993	0.0
GGTGC	0.8598635089902409	0.31574139330110285	0.3306511973178978	0.35360740938099944	0.0
TCACG	0.8560009584980626	0.0	0.3535475543609585	0.3532061662983578	0.2932462793406837
TTAGT	0.854765037240695	0.0	0.33923820038687325	0.32781433326720955	0.3329474663459172
CGAAC	0.8518616159644323	0.0	0.4800856487889041	0.26004966473752195	0.259864686473574
GCTTA	0.8502572049126366	0.22166653862079466	0.2957531335197827	0.4825803278594227	0.0
TAGGA	0.8479610967552409	0.3599666741960871	0.3843334599255026	0.0	0.25569986587841026
CGAAG	0.8462499442509268	0.0	0.1419400145420771	0.35607793707047264	0.5019820483874502
TGTGG	0.8450209861886857	0.30534608138119307	0.33899810742682784	0.3556558111919792	0.0
GTTGT	0.8449412964795542	0.3631421475194341	0.3419420444470149	0.294915808033551	0.0
CACGA	0.8434467855863349	0.384925062977703	0.0	0.33384064202892794	0.28123429499336905
GCTCG	0.8433678640235089	0.419160711031008	0.20717331725861005	0.373665971710382	0.0
CCGAA	0.8431229823333904	0.3167826744000459	0.27233338793775563	0.0	0.41088393766219844
TCTAA	0.8430891949345078	0.23405255638696615	0.11615767490165316	0.6497897687113808	0.0
TATGC	0.8430683409476859	0.29536880863549014	0.36939682993875994	0.33523436142574997	0.0
GGATC	0.8412527583985916	0.0	0.3638923572387289	0.28200603824897763	0.3541016045122935
TCCAA	0.84124393372179	0.3239483771608477	0.0	0.2958645591575498	0.3801870636816026
CGAGG	0.8409335510077127	0.0	0.37025723532007243	0.2887069866344049	0.34103577804552254
GCACA	0.8404949565196915	0.0	0.34165101575007595	0.3168437468546978	0.3415052373952262
CCTCC	0.8393601580145844	0.2579851813391773	0.3651404903092097	0.376874328351613	0.0
TGTCA	0.8385625316459225	0.33308769071080885	0.33338471116985585	0.33352759811933536	0.0
TGAGT	0.8379261763642214	0.0	0.3192494271223117	0.3280245837632598	0.35272598911442843
CCGAG	0.8336013412538132	0.2925359923798865	0.36447175362177625	0.0	0.3429922539983373
GTGAG	0.8329065422232916	0.338521410867627	0.33893071802075597	0.0	0.322547871111617
AACGC	0.8211506301562165	0.2824371891739528	0.0	0.39167399560854504	0.32588881521750224
ACCCC	0.8210887688108627	0.3931414079772862	0.0	0.31217336759699515	0.2946852244257186
TTTGA	0.8176446699408069	0.3551521252102081	0.3314086385634059	0.31343923622638603	0.0
ATGCC	0.8171659526314774	0.46602969377092884	0.2618994313151485	0.0	0.2720708749139226
AGTGT	0.8171654581572185	0.28038722887341666	0.4394902576382898	0.28012251348829365	0.0
CATCC	0.812909524184429	0.39405598083955473	0.376462128528859	0.22948189063158617	0.0
ACCAG	0.811930714284586	0.3017718596127583	0.0	0.35294245054343654	0.34528568984380514
ACGAA	0.8114344214442768	0.4511070306007617	0.19977814464310156	0.0	0.3491148247561368
CCAGG	0.8089799153315256	0.0	0.3380389855033536	0.32885779366480294	0.3331032208318434
TTCGA	0.805551911110179	0.37534755211590437	0.0	0.26502002129730895	0.35963242658678674
ACTCA	0.804460199297225	0.36814695706698575	0.36684035695774364	0.26501268597527067	0.0
TAGGT	0.8038692729655029	0.3216869201693846	0.3560489825900158	0.0	0.32226409724059957
TGTGC	0.8034292166577994	0.3456827486252678	0.3271632194694164	0.32715403190531583	0.0
CGACG	0.8019205243570404	0.0	0.5616570050620525	0.23867858231125985	0.19966441262668752
GATCT	0.8011528396545723	0.47268059162502435	0.24061210867101965	0.28670729970395603	0.0
AGGAT	0.8008575504639162	0.25567141021225287	0.4888861231482901	0.0	0.2554424666394569
TCGCC	0.8001461350602552	0.29862106499477153	0.26613822174553475	0.0	0.43524071325969377
GTGGA	0.7990578303613948	0.29607321667913594	0.35250365211332263	0.0	0.3514231312075414
TTTTG	0.7981898658804876	0.32994254486000946	0.34035295142731387	0.32970450371267673	0.0
TTCAC	0.7972217091050107	0.3391539448669623	0.0	0.32149272902504533	0.33935332610799246
CGGAG	0.7952213975868239	0.2497079220585424	0.34336856316655756	0.0	0.40692351477490013
GCAAT	0.7947800508816556	0.0	0.3200488423875484	0.23889535950005605	0.4410557981123955
CAGCG	0.7945967246774169	0.3333063074847025	0.3333445403695048	0.0	0.3333491521457927
ACCAA	0.7929967306351315	0.3331142013352633	0.0	0.254589477716083	0.41229632094865365
ATTGG	0.7858033055958651	0.3249178403369217	0.3455808680190892	0.32950129164398906	0.0
TGACA	0.7851271795982455	0.0	0.31655571939973387	0.2921169994783683	0.3913272811218979
AGTGA	0.7833237295448192	0.3263318774936195	0.44252470590194154	0.23114341660443885	0.0
CACCA	0.782634766854486	0.3270140664996998	0.0	0.3647329019845223	0.308253031515778
GGATA	0.7818970129389766	0.0	0.20351876692132992	0.42139409413673734	0.37508713894193263
TGACG	0.7817976543617028	0.0	0.29755034017141135	0.37823367202715447	0.32421598780143424
TCAAA	0.7698186723499336	0.0	0.4290991835973742	0.3569385502290407	0.21396226617358508
GTTCC	0.7646691658840776	0.21585058878096056	0.32447186435611797	0.45967754686292145	0.0
GTTCG	0.7634400844937133	0.2793879431726168	0.3115844550267805	0.40902760180060277	0.0
TTCAT	0.7620619983256245	0.2885204517892583	0.0	0.3660030590362269	0.3454764891745149
TCTCA	0.7619035179381235	0.3014828036683261	0.30161958592995625	0.3968976104017178	0.0
TTTCT	0.759413836843698	0.3507479733997143	0.32462248518163295	0.32462954141865263	0.0
ATTCA	0.7561855861656217	0.29261921465035173	0.3769435067653489	0.3304372785842995	0.0
TACAC	0.7557212644771019	0.32817755325477155	0.0	0.37917072136118335	0.29265172538404516
GGACA	0.7547158787206878	0.0	0.28495943526679673	0.3648000930870739	0.35024047164612926
TGTCT	0.7540213406690386	0.32861627514049385	0.3724164413560076	0.29896728350349855	0.0
AGATA	0.7534191091466677	0.0	0.31925475363576133	0.34012352921589295	0.3406217171483457
AATTA	0.7504209833401607	0.2855880699112209	0.2849895244228279	0.4294224056659513	0.0
GCAAA	0.748680556243025	0.0	0.2519151719960888	0.3393053569407999	0.40877947106311135
CGAAA	0.7475045999097517	0.0	0.3814585264651733	0.3332084971607646	0.285332976374062
TGATG	0.7470063568405407	0.0	0.3855511374627204	0.3433736486443299	0.27107521389294986
CGACC	0.7461370875163391	0.0	0.28512854315072755	0.45800746017143085	0.25686399667784166
GACAT	0.7431301490724587	0.26245968261648217	0.0	0.2618899060168996	0.47565041136661823
ACGCC	0.7412819774615189	0.3050329850388839	0.40719642970327935	0.0	0.28777058525783683
CGTTT	0.7410822904695424	0.3720040400451432	0.30203187588330027	0.3259640840715565	0.0
CCTCT	0.7391905157656677	0.43981882923932614	0.24961011390662677	0.3105710568540471	0.0
AGTAC	0.737237282452426	0.2951992988424773	0.3112682368917219	0.3935324642658009	0.0
GGACT	0.7363273479688703	0.0	0.2795060030467031	0.3269419714573857	0.39355202549591123
ACCCG	0.7357814673926708	0.47989356154777646	0.0	0.24970604877815633	0.27040038967406727
GGATT	0.7352502810352143	0.0	0.3534938272771777	0.3184635368833625	0.3280426358394597
ATGTC	0.7312215569066127	0.408206384738248	0.25899635524675263	0.0	0.3327972600149994
CGTGA	0.7296248065042876	0.36973347058077016	0.30751186636095224	0.32275466305827766	0.0
AGTGC	0.7277880964836114	0.35679606017153515	0.33306005417926965	0.31014388564919526	0.0
CGTCT	0.7236868838782189	0.35399246618582697	0.29878017965297654	0.34722735416119643	0.0
GATCG	0.7235560181970605	0.4757472809386426	0.19936818902557357	0.3248845300357838	0.0
CTCAA	0.722538070675507	0.39053157279790857	0.0	0.24347087840364937	0.36599754879844204
TTTCG	0.7224826000504363	0.29942242264644425	0.35055778776599567	0.35001978958756014	0.0
AATCT	0.7213109146224138	0.3632250407664936	0.31943469153112897	0.3173402677023775	0.0
ATTCC	0.720118954806565	0.23484063542498837	0.37214564353960156	0.39301372103541	0.0
CGCCT	0.7192436704603657	0.3455468316370538	0.0	0.24967111772744324	0.404782050635503
GGTCG	0.717843239720099	0.38953777647642446	0.24912156808802613	0.36134065543554944	0.0
GCTGC	0.7175982573052322	0.3061191945035801	0.28998760335780527	0.4038932021386146	0.0
AGATT	0.716097267342175	0.0	0.43905677581493857	0.3171369973948684	0.24380622679019298
AGTCG	0.7146186123079734	0.3799926141248907	0.27991469063378893	0.3400926952413204	0.0
GCGGT	0.7134190401791709	0.4808748876650929	0.1593196650259493	0.0	0.3598054473089578
GGAGC	0.712082957563654	0.0	0.36975488747285207	0.3768100033145838	0.25343510921256424
TGGTC	0.7090222826145915	0.3752855044171616	0.30159395885772644	0.0	0.323120536725112
TCTGG	0.7072062855985617	0.3075427380888427	0.337252947006088	0.3552043149050694	0.0
CGTCA	0.7051913139701882	0.267125287739076	0.39353789906428577	0.33933681319663833	0.0
GCTTG	0.7048809181377467	0.3447236351078232	0.333094629992583	0.3221817348995936	0.0
ACAAA	0.7041033502733598	0.0	0.3096956865891218	0.333479142121669	0.35682517128920926
CACAC	0.7024684362316201	0.5004761294131066	0.0	0.07123982333042525	0.42828404725646824
GGTCA	0.7006897038528082	0.2961303576484627	0.32579547078601684	0.3780741715655205	0.0
CACCG	0.6976101360100615	0.3267110059432154	0.0	0.33458518237956325	0.33870381167722147
AGTCT	0.6964915311310387	0.3965939963308308	0.24118588512938763	0.36222011853978164	0.0
GCAGG	0.6923523639995972	0.0	0.15034466196369534	0.3770561449064917	0.472599193129813
TATGA	0.6909814551670563	0.26331339592789854	0.37344264651982917	0.3632439575522721	0.0
GCGAA	0.6888836420762401	0.30982476092713307	0.3666969889101814	0.0	0.3234782501626855
GTCAT	0.6886299338927421	0.39934708035322214	0.0	0.1993823456636825	0.4012705739830954
TCTGT	0.6882912676585726	0.25228560206012507	0.3397489569034824	0.4079654410363925	0.0
TGTTG	0.6856578194887518	0.433591537662471	0.23257647408318724	0.33383198825434174	0.0
GCGTC	0.6816986826913549	0.31435509360683017	0.2566921997756288	0.0	0.42895270661754115
TGGAA	0.6775926670742233	0.2540642425829335	0.3812868692231504	0.0	0.36464888819391617
CATCG	0.6763915966926264	0.3999017917639684	0.25000456935586407	0.3500936388801674	0.0
GTTCT	0.6718117377880259	0.3402236568548791	0.3400125994855947	0.3197637436595261	0.0
CGCTC	0.6712361910950041	0.37508318997750845	0.0	0.3754525181547261	0.24946429186776553
AATCC	0.6704526419962825	0.2753392868787252	0.5178304217424626	0.20683029137881218	0.0
AGTTG	0.6693605292164068	0.29009689693971263	0.33845902168980135	0.371444081370486	0.0
ACCAC	0.6684309994948874	0.2783505942219247	0.0	0.3277609370921627	0.3938884686859126
ACACA	0.6680868365633172	0.0	0.3170704530780495	0.3414680090578315	0.3414615378641189
GACCC	0.666210356348071	0.27446085867211667	0.0	0.2742334195680191	0.45130572175986416
ACGAG	0.6648463421093984	0.2754893529016916	0.44928558052334877	0.0	0.2752250665749597
ATTTA	0.6602970065855827	0.19324713150375375	0.4194304024069796	0.38732246608926657	0.0
CACTC	0.6567543133031704	0.41015791340817254	0.0	0.22649474249511928	0.3633473440967082
GGGGT	0.6561342028270123	0.40777156186462643	0.2838732798382442	0.0	0.30835515829712934
GTCGG	0.6547565958760635	0.3105256754555675	0.0	0.310216776131907	0.3792575484125257
TATGT	0.6522032947358675	0.2890235307050069	0.474677656392261	0.23629881290273205	0.0
CACTT	0.6519998703787975	0.3926322132518694	0.0	0.2864122552259298	0.32095553152220074
CAGAT	0.6487740538502269	0.34622518973595684	0.30801767725832646	0.0	0.3457571330057168
TGAAT	0.6485603710204684	0.0	0.3124586724445215	0.3335047568770034	0.35403657067847516
GACTC	0.6481628728663174	0.2550240781080109	0.0	0.3547591974994244	0.3902167243925646
TAGTC	0.6474726652184066	0.3906926167884941	0.34847449771461214	0.0	0.2608328854968939
ATTCT	0.6448152481071064	0.32111692985383833	0.321607407636782	0.3572756625093797	0.0
TAGAG	0.6431218710277926	0.29991963722047404	0.19970048044854016	0.0	0.5003798823309857
ATTCG	0.641827806194025	0.4809702428368342	0.43953342676116125	0.07949633040200466	0.0
ATGAG	0.6414452835269144	0.3763055665149748	0.2467718165395748	0.0	0.37692261694545043
AGAGT	0.6405876855344105	0.0	0.2534442518598452	0.4225757157453695	0.3239800323947853
TATCC	0.6353217021282254	0.2567589021182128	0.4289318624156278	0.31430923546615946	0.0
AATGA	0.6339091229043001	0.2716552937114939	0.3498424464675549	0.3785022598209512	0.0
TGAGA	0.6312057819193627	0.0	0.3958747405993054	0.2800554892636981	0.3240697701369965
ACTCG	0.6293551088397116	0.3502491688594821	0.4503380567020282	0.1994127744384899	0.0
GCGCT	0.6264716585548725	0.5008657136276853	0.22454460754400232	0.0	0.2745896788283124
CGCTT	0.6255349566327792	0.3506192002739183	0.0	0.3498683239450208	0.29951247578106077
CACAT	0.623422043406574	0.31872252947557284	0.0	0.25508439344990363	0.4261930770745234
CTTCA	0.62151727059552	0.27266303848963125	0.36351341189153535	0.3638235496188334	0.0
CGTGC	0.6209196916643365	0.3340061876636149	0.27759408434881105	0.38839972798757394	0.0
TTTGC	0.6174769252716932	0.3745838763128971	0.22477629970994217	0.4006398239771607	0.0
GCTCC	0.617409644983633	0.3591480648353122	0.31614689401256085	0.32470504115212695	0.0
CTCTG	0.6173588507915646	0.2687290499003641	0.0	0.39042660823320513	0.34084434186643064
TATCT	0.6168451242702905	0.35718077692976763	0.3302764459786888	0.31254277709154366	0.0
GGCGA	0.6167556441581803	0.4197671701166638	0.0	0.35493405245454496	0.2252987774287912
TCCGA	0.6163925119275664	0.324183903610486	0.0	0.35106318422787036	0.3247529121616437
GAGTC	0.6135716217940063	0.2771010977146965	0.34959579744500396	0.0	0.37330310484029966
CTTCT	0.6125263264049654	0.3908087726251551	0.24977506234387048	0.3594161650309745	0.0
ATCAA	0.6118072781402796	0.4131053803869687	0.0	0.2825544533912959	0.3043401662217354
CTCTT	0.6116707749044303	0.3156724064891755	0.0	0.34243936508679135	0.34188822842403316
TGGAG	0.6115927478830864	0.3213658603401717	0.29746237148541904	0.0	0.38117176817440923
GTCCC	0.6106269973767998	0.3685886968619617	0.0	0.24549823350706323	0.38591306963097505
TCGTC	0.610239915179539	0.34787924925396624	0.3478188843839094	0.0	0.30430186636212436
TTGAA	0.608331131923081	0.36004094807491843	0.36017229032157916	0.0	0.2797867616035024
TATCA	0.6043879328648334	0.3818602764746477	0.2630353300316172	0.355104393493735	0.0
GGAAC	0.6042670861306483	0.0	0.2601172855017016	0.3541901487386445	0.38569256575965394
AGAAT	0.6001415909240639	0.0	0.4374457265950924	0.2506917352157073	0.3118625381892004
CCCTC	0.597345663115786	0.31015112880033796	0.0	0.41416240847672026	0.2756864627229418
TTTCC	0.5950079448289917	0.35601758199177774	0.42980969285563914	0.21417272515258307	0.0
GTTGG	0.5886513338962945	0.40794159126537566	0.2774404593242656	0.3146179494103587	0.0
GGTGT	0.5877133642751303	0.2705405304322894	0.2707437066885709	0.45871576287913973	0.0
ACGTC	0.587516263796986	0.3765426765414515	0.31165675246686303	0.0	0.31180057099168534
GACCT	0.5860510512309861	0.42599302363240016	0.0	0.2123053682748708	0.36170160809272917
GACGC	0.5850985774895452	0.2500774263916286	0.0	0.3118814623728841	0.4380411112354873
GTGCA	0.5831765850359998	0.34924060679872276	0.2769517905655395	0.0	0.3738076026357377
TCACA	0.5822160012466635	0.0	0.3480944186413365	0.3042909575685857	0.3476146237900778
GTGTC	0.5797961893555719	0.3179606476579737	0.36384410579586624	0.0	0.31819524654615994
CAGAG	0.5770148688232026	0.4000813159705359	0.23995129192721873	0.0	0.3599673921022453
GACCG	0.5770065536539908	0.3270866632600418	0.0	0.3842925755558864	0.28862076118407176
ATCCA	0.5759351828546866	0.46863156193864236	0.0	0.34043848137591604	0.19092995668544152
ACACT	0.5751736547462063	0.0	0.27574427627542675	0.2758245441542915	0.4484311795702817
GACTT	0.5721432259031413	0.2953001491879099	0.0	0.2951591558885196	0.40954069492357054
TTGGT	0.5692547463109772	0.2955048614538028	0.34084628449785914	0.0	0.3636488540483381
GTGCC	0.5688103337063215	0.35418966078472536	0.38770256560516003	0.0	0.2581077736101147
CTGGA	0.5645030563457005	0.3211282856603539	0.30307385832662864	0.0	0.37579785601301735
AGAAC	0.5607796423276933	0.0	0.3856886298342815	0.31437303804747135	0.2999383321182472
CAGAA	0.5593765573361997	0.2963276548691446	0.4075437136435608	0.0	0.29612863148729457
CTCAG	0.5563109563939508	0.29749154852264115	0.0	0.2976151455591057	0.4048933059182532
CCTGA	0.5530048151868587	0.2908648024158361	0.3434316501096841	0.36570354747447975	0.0
TAGAA	0.5529335650352822	0.19926347574529818	0.29920940122925754	0.0	0.5015271230254443
GGTCC	0.5391960726177482	0.35847955019315125	0.30210485408441184	0.3394155957224368	0.0
GTTGC	0.5382536168226791	0.4002933257890396	0.2664067663161197	0.33329990789484076	0.0
AAGGA	0.5364676784061063	0.3553643651656641	0.2580561905622798	0.0	0.38657944427205604
CGCCA	0.5323723764809577	0.3629013762572183	0.0	0.29824688730044113	0.33885173644234057
TGTCG	0.531734104915018	0.4170481964045473	0.3336794209739737	0.24927238262147908	0.0
CTCCG	0.5316788335413758	0.3659534829839707	0.0	0.32418452604325226	0.30986199097277695
GATCA	0.5311923403039971	0.2953394787542994	0.340980778063609	0.36367974318209173	0.0
GCCAG	0.5305264264472563	0.33395562936884543	0.0	0.35637083777342793	0.30967353285772664
CCCAT	0.5293942720377023	0.38132226305249484	0.0	0.28558010807372036	0.33309762887378486
ACCCT	0.5249511374673733	0.3311763398601865	0.0	0.3690223099884606	0.2998013501513529
CATCA	0.5235570960601786	0.38752712621853225	0.37091183007499934	0.2415610437064684	0.0
TTTCA	0.5213437493907017	0.24956158034431317	0.3750914041700536	0.3753470154856333	0.0
GAGAG	0.5181434451579056	0.2792740271594494	0.39369342165811416	0.0	0.32703255118243646
CACGT	0.5177128221930141	0.2942737627744976	0.0	0.2939057827934234	0.41182045443207893
AGAAA	0.5176432685663571	0.0	0.4061175996978334	0.34411235115914024	0.24977004914302636
CTCCC	0.5166285852391079	0.23626668252422922	0.0	0.39982242807674057	0.3639108893990301
CACAA	0.5154013551325587	0.2803347836746716	0.0	0.3204632136696997	0.39920200265562855
TCTGA	0.5144789755282112	0.28077937474443454	0.38591911851018224	0.33330150674538317	0.0
AAGAG	0.5141299827591371	0.2940382672436008	0.39232260778172007	0.0	0.3136391249746791
AAGAA	0.5055889088081351	0.3388266476287721	0.35485770705405306	0.0	0.30631564531717487
GAAGG	0.5038198715854854	0.0	0.32601270791669856	0.3446340176367174	0.3293532744465841
AGGCG	0.5029350464489232	0.1662497170941853	0.5005836514188194	0.0	0.3331666314869954
ACTGG	0.502157673527827	0.34647611267230355	0.30951231216396247	0.3440115751637341	0.0
GTCGC	0.5017752748130566	0.24958120647532844	0.0	0.5010759300860432	0.24934286343862846
ACAGG	0.5016180138799928	0.0	0.3265867369765178	0.37906134711180234	0.2943519159116799
CTCCT	0.4964515446960344	0.35658272885119435	0.0	0.3771504538753548	0.26626681727345086
TCCTG	0.49605505719200726	0.3436432302637342	0.0	0.33747247254721735	0.31888429718904837
CTCGA	0.49459293108806485	0.16627418769360505	0.0	0.445413221439642	0.388312590866753
TGTGT	0.4929276695910604	0.3429115664338033	0.2644402324044571	0.3926482011617395	0.0
GGCTT	0.48828711935354435	0.26171245756958017	0.0	0.4529101656716743	0.2853773767587456
CCGTC	0.4849669005787014	0.386328623805773	0.3228195557516934	0.0	0.29085182044253355
CGCAT	0.4813105520254241	0.42928420804950196	0.0	0.42833605436251926	0.1423797375879789
TCCCT	0.47927849440505726	0.3834007553303205	0.0	0.3667179430719812	0.2498813015976983
TGCAT	0.4787289953188827	0.3330574396639741	0.0	0.5007054468155492	0.16623711352047682
GCTGT	0.476788962465414	0.34582881323486253	0.3085952558138763	0.34557593095126116	0.0
ATCGC	0.4762621805024273	0.37518799382132473	0.0	0.3755477249548849	0.24926428122379035
GGAGG	0.4761934863891357	0.0	0.40022914602654264	0.38188025430849815	0.21789059966495933
AGATC	0.4736604895294184	0.0	0.2778574859816349	0.33332291031937117	0.38881960369899393
TCCGC	0.4697064710690795	0.32571720853979147	0.0	0.3570530237104718	0.31722976774973666
CTTCG	0.4683093312299217	0.14943989478025266	0.4499866846377323	0.40057342058201506	0.0
TCCAG	0.4649313304521404	0.33029205938111	0.0	0.31329084612828334	0.35641709449060655
CTTCC	0.46404634608031514	0.2100372900904599	0.5272718324269994	0.26269087748254066	0.0
GGCGG	0.46332135782223843	0.19940623364554946	0.0	0.3995497013191458	0.4010440650353047
ACTGT	0.46311209337052217	0.33799118975074566	0.33326678466101006	0.3287420255882443	0.0
CTGGT	0.4620567420070695	0.3177787625618638	0.3474592095414428	0.0	0.3347620278966934
CTCGG	0.4619309882783921	0.35995296371277924	0.0	0.23956434119520767	0.4004826950920132
GACGT	0.4585654141236035	0.40862769137278604	0.0	0.28548146167251115	0.30589084695470276
CGGGC	0.45453648043221506	0.4171922567479489	0.3336338188356467	0.0	0.24917392441640432
ATCGG	0.4543825895612502	0.45864901497905436	0.0	0.3752727490135863	0.1660782360073593
AGGCA	0.45389738270124536	0.32189798657073937	0.33924303724786903	0.0	0.3388589761813915
CTCTA	0.4507847454884695	0.1995857356858846	0.0	0.29993726907812696	0.5004769952359884
GGCCG	0.4445828761038522	0.3309812820910964	0.0	0.3450691301633423	0.3239495877455614
GGTTG	0.4420395116738593	0.26914026851535633	0.46179763667409046	0.2690620948105532	0.0
GCGCC	0.438718042218763	0.3040121852283553	0.4354973479618261	0.0	0.26049046680981847
GCTCA	0.43861145324713324	0.09051196164129219	0.45444367944362446	0.4550443589150835	0.0
GGCTC	0.43702309924087435	0.3016144789822943	0.0	0.32532327816681844	0.3730622428508872
ACCGC	0.4359800551196159	0.24348570997860194	0.0	0.3420191532908724	0.4144951367305257
TCCAT	0.43419315730175784	0.31671265211026434	0.0	0.2664818083444869	0.4168055395452488
GCGGA	0.43293911093981174	0.41725950900681064	0.24962283501781377	0.0	0.33311765597537557
GTGCG	0.42583840798464956	0.33925749410404316	0.34403358033105935	0.0	0.31670892556489755
GGCGT	0.4252377079477567	0.20773689988322214	0.0	0.4171299490890397	0.37513315102773825
AATCG	0.4246707404537989	0.572407778574611	0.427592221425389	0.0	0.0
TCTCT	0.4225933298097825	0.32251346436180056	0.40336097738354976	0.27412555825464974	0.0
ATTGA	0.41644233391655766	0.500183845292127	0.31827411856239923	0.18154203614547376	0.0
ACCGA	0.41544518809737085	0.3331599723880053	0.0	0.41675309924597936	0.2500869283660153
TCGGT	0.4154332015015186	0.5341058840816644	0.3329457052613468	0.0	0.1329484106569889
GCGGC	0.4140988802585436	0.3158336494548525	0.36831791409287445	0.0	0.3158484364522732
GTCTT	0.4138447286696463	0.6102009162980236	0.0	0.30333622397943266	0.08646285972254378
GCCTA	0.4108695168034723	0.3548660243720459	0.0	0.35483599564055307	0.2902979799874011
AGGAC	0.409798250562765	0.2920093454988484	0.3362846368853934	0.0	0.3717060176157583
GCTGG	0.4064999707171297	0.3581988170368969	0.2564631364129464	0.3853380465501567	0.0
GCAGC	0.40586460707947225	0.0	0.3225102192642193	0.354852068166756	0.32263771256902485
CTTGT	0.40293593152180185	0.31810799985275623	0.40936479513338203	0.27252720501386163	0.0
GGCAG	0.3923918722641939	0.3471482534742229	0.0	0.31922922478828436	0.33362252173749257
TAGGG	0.39219306646150365	0.27258592912497426	0.2266531611852333	0.0	0.5007609096897925
GTTCA	0.3882910962893636	0.38931335251272803	0.22197632836846706	0.38871031911880494	0.0
GTCGT	0.3878835793246259	0.4174308041822709	0.0	0.41627780803444764	0.16629138778328154
AAGCC	0.386315323569987	0.15345136624413339	0.46208090656315387	0.0	0.38446772719271266
CTCAT	0.3860394281068873	0.36383387239340576	0.0	0.2726859398234331	0.36348018778316116
TAGGC	0.38531412874258664	0.33345387362942663	0.22240236604955516	0.0	0.4441437603210182
AGAGC	0.38210655124244064	0.0	0.38267264693512787	0.25907421896883814	0.358253134096034
ACGGT	0.3806404722490232	0.541012299839803	0.21592734414922388	0.0	0.24306035601097306
GCGAG	0.3792168433616264	0.3014903845076434	0.4049643774539486	0.0	0.293545238038408
GTGAC	0.37558022436751864	0.3281605733016672	0.40625609102006516	0.0	0.2655833356782677
CCGAC	0.3752764735541725	0.41405673230992995	0.17222928433298215	0.0	0.4137139833570879
TTTGT	0.3751200420218385	0.43781206071786016	0.31215675903360124	0.25003118024853854	0.0
ACCAT	0.3747180170460862	0.3029197020257153	0.0	0.3942281879539706	0.30285211002031404
CCTCG	0.3701087691658514	0.5723059993165659	0.35648581156220177	0.07120818912123238	0.0
GCCTG	0.36899304614792844	0.3487139753227246	0.0	0.33944706078020653	0.31183896389706894
ACTCC	0.3683698218497949	0.2535919922874197	0.3491587287786429	0.3972492789339374	0.0
TCTCG	0.3681228536806944	0.2728759530020915	0.3638124680396727	0.36331157895823585	0.0
GTGAA	0.36508362173523	0.3395406437992314	0.30183062699816837	0.0	0.35862872920260025
CTCGT	0.362752638159208	0.4008742608572678	0.0	0.2997935029208168	0.29933223622191524
TTGAT	0.3626292270814303	0.33359271966393306	0.4001674362426083	0.0	0.2662398440934586
CCCTG	0.36138098909499916	0.3294501914134721	0.0	0.29397997505214163	0.37656983353438633
CGGTC	0.35287248409450356	0.5359519766797223	0.24999320136337783	0.0	0.21405482195689995
GTCTC	0.34977074788158136	0.33338647026828416	0.0	0.31238606675173713	0.3542274629799787
GGGAC	0.3491445129567312	0.3977331403214103	0.3658651600938745	0.0	0.23640169958471527
AAGTC	0.34742379468194345	0.27252791409509153	0.45495922151464857	0.0	0.27251286439025985
GGCAT	0.3424292001021549	0.4247836016911411	0.0	0.3028334608032019	0.272382937505657
AGGCC	0.3414770322253925	0.40492199147177715	0.3573213405824578	0.0	0.23775666794576492
CCTGC	0.339184150021451	0.30764542857734706	0.3460159134729925	0.34633865794966046	0.0
TTGGA	0.33902719357799477	0.3272708207601809	0.3454623834472148	0.0	0.3272667957926043
TCCCC	0.33893134938970954	0.23499308830147364	0.0	0.38235244685931724	0.3826544648392091
TCGAC	0.33783132193432414	0.3102132439188879	0.3452802614809667	0.0	0.3445064946001455
TGGGC	0.3345348504332049	0.3338222233112988	0.30294219670670286	0.0	0.3632355799819983
GCTCT	0.33391094446620817	0.4002409676813166	0.3330648639880052	0.26669416833067805	0.0
GCCTT	0.33337349163122065	0.4142798223775407	0.0	0.3447483133545815	0.24097186426787773
AGTTA	0.3325174454626578	0.24152283978531927	0.40374884626602325	0.3547283139486575	0.0
AGGAG	0.33248557270755547	0.29168382140234206	0.2912037806661	0.0	0.4171123979315579
GTGGG	0.33145083128573555	0.33534807645943915	0.397659178887942	0.0	0.2669927446526189
CTTGA	0.327939490525089	0.33363225495708004	0.27037193396106074	0.3959958110818591	0.0
TCGAG	0.3277481104881589	0.2912853076305759	0.20810767936648772	0.0	0.5006070130029364
TTGTC	0.3277064385220774	0.19971802212059028	0.700375361656291	0.0	0.09990661622311879
CCCAA	0.3275599402835454	0.12500525370541743	0.0	0.49984950080473306	0.3751452454898494
CAGCC	0.32701337231451844	0.3003806605433562	0.4155572751156653	0.0	0.28406206434097847
GACGA	0.3265638904194192	0.40052943408194774	0.0	0.2797589509532018	0.31971161496485045
TGCGC	0.322336591794886	0.40016059773774215	0.0	0.2999192193434667	0.2999201829187912
GCCAC	0.3206411141140665	0.13607685329772162	0.0	0.49966431848486753	0.36425882821741085
CTGCC	0.3204202965634172	0.33311266485121765	0.22218988356824704	0.0	0.44469745158053536
ACGAC	0.3171423164195428	0.1288741590672308	0.41907397569233923	0.0	0.45205186524043
AGGGC	0.31054805016590786	0.41107824444608265	0.34240541892215925	0.0	0.24651633663175815
CCAGA	0.30339805498795813	0.0	0.41210933851820114	0.323430460936953	0.2644602005448458
GGGTC	0.3015898346404751	0.3412576722544115	0.32222194814695876	0.0	0.3365203795986297
GCTGA	0.30076609496431167	0.3000299985596469	0.40001828134957595	0.2999517200907771	0.0
GGCCA	0.29865629665087007	0.26178190035879745	0.0	0.40484351328230905	0.33337458635889355
TAGAC	0.29624772005229333	0.46681593524092446	0.4000313161107323	0.0	0.13315274864834323
CCCCT	0.2941801179696784	0.16637672069688778	0.0	0.46987646978282493	0.3637468095202873
CCCCA	0.29381331482718	0.3391125938662825	0.0	0.26771978373132754	0.39316762240239
CTCAC	0.293687554819135	0.5605978056573282	0.0	0.27970665362337516	0.15969554071929667
TTGAC	0.29290259978121436	0.3173073281807266	0.30171578397535465	0.0	0.38097688784391887
ATGGC	0.29256070582459115	0.41628273164607427	0.4590235328161066	0.0	0.12469373553781923
AGACT	0.2914413453506463	0.0	0.3330392434961613	0.36858384154113094	0.29837691496270774
GGCAA	0.2835931990316156	0.4360866774058	0.0	0.25636512099259606	0.30754820160160407
TGCAG	0.2830407018184535	0.23170158326251206	0.0	0.33320644654503967	0.43509197019244816
GTCAG	0.2810194457376666	0.1301881318380037	0.0	0.43492653347438565	0.4348853346876107
GGCTG	0.28051719426988764	0.31240670848556723	0.0	0.3352436365685611	0.35234965494587167
CCCAG	0.27786426070798653	0.3922500583134128	0.0	0.19569172122810558	0.41205822045848167
ACCGT	0.277069450349235	0.344175483477204	0.0	0.34406379193805126	0.3117607245847447
GTCTG	0.27442923053770873	0.4035284986150656	0.0	0.31576467871320446	0.28070682267173
CTGTC	0.27068853701077605	0.4168115837956653	0.1665041611130767	0.0	0.41668425509125806
CCGGC	0.27055105931082246	0.2819118946346503	0.30749021476761507	0.0	0.4105978905977347
CTCCA	0.2685471067983041	0.42388994803130403	0.0	0.2915483320080831	0.28456171996061286
TGGCC	0.2669696509588425	0.3571669749373133	0.28567546802073696	0.0	0.35715755704194985
CCCCG	0.26391764850913946	0.208275070880658	0.0	0.3748797958719498	0.41684513324739203
GCCCA	0.26137409397410216	0.33334758685096855	0.0	0.33304220510608923	0.3336102080429423
TGGAC	0.2612505212939026	0.2316055336049797	0.4060574454129942	0.0	0.3623370209820262
CGGGG	0.2601697172227554	0.38900187138202447	0.29620428280206723	0.0	0.31479384581590825
CTCTC	0.2589421109379948	0.5002637434946938	0.0	0.09976285742535536	0.39997339907995066
TTGGC	0.25734015627072293	0.49998693247961784	0.42869009067503805	0.0	0.07132297684534411
TCCGG	0.2561141422606964	0.39993848719948377	0.0	0.3430154130598063	0.2570460997407099
GAGAC	0.25488984886275573	0.4043961970465044	0.3404598188067285	0.0	0.25514398414676703
AAGGC	0.2548453888019554	0.3600841003360429	0.32012355671116527	0.0	0.3197923429527918
CCGCC	0.25471852753496893	0.3750789543710798	0.2893147298528123	0.0	0.3356063157761078
GGCCT	0.25341650370905244	0.3486921411459808	0.0	0.27894443829999344	0.3723634205540257
GGGGG	0.25263954979573944	0.35898421135553443	0.3248541425398096	0.0	0.31616164610465586
GACTG	0.24858515214180282	0.461722390908209	0.0	0.23047922994708733	0.30779837914470354
TCGCA	0.24768385480046495	0.7497278310645601	0.2502721689354399	0.0	0.0
CCCAC	0.24759957146642353	0.3749114737499241	0.0	0.5002301885721052	0.12485833767797067
GACAA	0.247082726083134	0.38994590846167365	0.0	0.23721676138004705	0.37283733015827936
ACTGA	0.2453093372631269	0.1536069594779438	0.3848315000895695	0.46156154043248665	0.0
GTCCT	0.2449088569797582	0.3330685391715241	0.0	0.4672647954966876	0.1996666653317883
GTGGC	0.24403414241443944	0.322420245555254	0.40338316069765234	0.0	0.2741965937470937
ATGAC	0.24308903722344283	0.3635776659933025	0.2727502227573534	0.0	0.3636721112493441
CTGAC	0.24280191563882056	0.3125909606209558	0.24990385555293718	0.0	0.437505183826107
ACGGC	0.24112369380038629	0.2738150770750808	0.3094824873137883	0.0	0.4167024356111309
CACCC	0.24038428554269933	0.3074398278298003	0.0	0.46183876217142356	0.23072140999877622
GGCGC	0.2390258520700863	0.4997705000378221	0.0	0.3336980388552532	0.16653146110692477
CTGGG	0.2372808473122296	0.36998475039602824	0.3007786219649307	0.0	0.3292366276390411
GGGCC	0.23371995772248283	0.38218325841653583	0.2738266889163555	0.0	0.3439900526671087
GACAG	0.22836564412671284	0.333173159997259	0.0	0.38484186223544775	0.28198497776729314
GCGAC	0.22832709237594917	0.2283687708744454	0.34254937278037817	0.0	0.4290818563451764
CGGAC	0.22583894168465565	0.6255458300306811	0.20803601670073205	0.0	0.16641815326858675
CCCGA	0.22413811961045044	0.16628535244153334	0.0	0.4171922498837007	0.4165223976747661
CACGG	0.22282833881918918	0.2608160121811682	0.0	0.358639731452979	0.3805442563658529
GTCAC	0.21857706726122872	0.33699633294983433	0.0	0.3933993970079179	0.2696042700422478
AGGGG	0.21784572284071585	0.39013346405290544	0.2798917346713537	0.0	0.3299748012757408
ACCGG	0.21540326313278751	0.41667534989769156	0.0	0.3333628879398676	0.24996176216244095
GTCCA	0.21501362409512859	0.3570450581419019	0.0	0.4287031106684272	0.21425183118967092
GGCCC	0.2145055347062429	0.43928887867993804	0.0	0.2681035767614179	0.292607544558644
TGGGG	0.21106862384799768	0.283624248320863	0.3616715723135547	0.0	0.3547041793655823
GCCAT	0.2103387042247583	0.34400993170182376	0.0	0.28103544798446367	0.37495462031371257
ACGGG	0.21024997816739066	0.12482346144686876	0.5626365370185564	0.0	0.31254000153457484
CCTCA	0.20872773305097964	0.3018077502649696	0.3208295681084875	0.37736268162654285	0.0
CTGGC	0.20784126929857866	0.3530583833315913	0.2938462128763321	0.0	0.35309540379207666
GAGGC	0.20518175840833672	0.45478612189490286	0.27263521743490865	0.0	0.2725786606701885
TGCGA	0.20076637724500057	0.3600563753933936	0.0	0.2999801360456611	0.3399634885609454
CCCTT	0.19701715252291568	0.4167022616827559	0.0	0.3335268067608391	0.2497709315564049
TTGGG	0.19618212174956115	0.3541125285567216	0.3960244491343147	0.0	0.24986302230896365
GCCTC	0.19244957052767975	0.30349195261176937	0.0	0.3573118768071364	0.3391961705810942
GCCCG	0.18569050256028605	0.26636703127401185	0.0	0.46715085133732137	0.26648211738866684
AAGGG	0.1840464007165407	0.36230403070526934	0.3227542247105816	0.0	0.3149417445841491
CCCGT	0.18286802959409174	0.27236833492626983	0.0	0.6369246303813657	0.09070703469236449
GACGG	0.1774304715241979	0.6253155728630411	0.0	0.0	0.37468442713695893
GTCAA	0.17435055897650242	0.14289740646267288	0.0	0.4284815045249741	0.42862108901235313
CCCTA	0.1697707664793493	0.4164948356282252	0.0	0.5003187004569312	0.08318646391484345
AAGAC	0.16432362656273564	0.2854816506628432	0.4286147889298469	0.0	0.28590356040730985
GCCCC	0.16379029823502544	0.33320215988773333	0.0	0.3334337093349905	0.3333641307772761
AGGTC	0.16042201937787254	0.09989260460641007	0.5001955219606806	0.0	0.39991187343290935
CCGGG	0.15691452135065898	0.19229017938402035	0.3461570236757752	0.0	0.46155279694020457
GAGGG	0.15653539461958993	0.5000789150887183	0.13621907235964323	0.0	0.3637020125516384
CAGGC	0.1510228709846239	0.35292943254138587	0.38834351610298257	0.0	0.25872705135563145
CCCCC	0.14852857215564502	0.37206903701583616	0.0	0.2557497166985408	0.3721812462856231
GTCGA	0.145867204969243	0.24999259584298994	0.0	0.4999887532454621	0.25001865091154796
CAGAC	0.1428948547643975	0.5004127643660229	0.1997832246751639	0.0	0.29980401095881315
GCCGT	0.14248360383368763	0.31412781659591027	0.0	0.4859805625001711	0.19989162090391852
CAGGG	0.14230834401266143	0.2894501853943324	0.3596571868732934	0.0	0.35089262773237406
GCGGG	0.13975814265498257	0.19979677840852314	0.5004474007325052	0.0	0.2997558208589717
GTCCG	0.13828596014158834	0.3913444651311313	0.0	0.3332736254201187	0.27538190944875
GCCAA	0.12944019628590722	0.5002354367135288	0.0	0.24989939763891544	0.2498651656475559
CCCGG	0.12852653828363356	0.24992395736748169	0.0	0.31246779774389183	0.4376082448886264
TCGGC	0.12615486294281145	0.14278270251557695	0.42859791049386975	0.0	0.4286193869905533
GCCGC	0.12224753522540165	0.5001713167362758	0.0	0.3998811641141424	0.09994751914958187
GCCCT	0.12167635702693261	0.2858103743157282	0.0	0.4284489637353213	0.2857406619489504
TCGGA	0.11098895719503353	0.4998288632608522	0.5001711367391478	0.0	0.0
GCCGG	0.10364671038746592	0.1998700288134214	0.0	0.29995453527831856	0.50017543590826
GCCGA	0.10036833127143785	0.4500352697059759	0.0	0.24999152841562092	0.2999732018784031
ATGGG	0.09660705672645103	0.40014873883768676	0.2998608803659344	0.0	0.29999038079637896
CCCGC	0.0936242102993507	0.750058632466423	0.0	0.0	0.24994136753357693
GGGGC	0.08281023689745684	0.37665861004685275	0.3896082026683942	0.0	0.23373318728475295
TCGGG	0.016006662973300168	0.0	0.0	0.0	1.0
