Position	Std
0	0.000000
1	0.000000
2	0.000000
3	0.000000
4	0.000000
5	0.000000
6	0.000000
7	0.000000
8	0.000000
9	0.000000
10	0.000000
11	0.000000
12	0.000000
13	0.000000
14	0.000000
15	0.000000
16	0.000000
17	0.000000
18	0.000000
19	0.000000
20	0.000000
21	0.000000
22	0.000000
23	0.000000
24	0.000000
25	0.000000
26	0.000000
27	0.000000
28	0.000000
29	0.000000
30	0.000000
31	0.000000
32	0.000000
33	0.000000
34	0.000000
35	0.000000
36	0.000000
37	0.000000
38	0.000000
39	0.000000
40	0.000000
41	0.000000
42	0.000000
43	0.000000
44	0.000000
45	0.000000
46	0.000000
47	0.000000
48	0.000000
49	0.000000
50	0.000000
51	0.000000
52	0.000000
53	0.000000
54	0.000000
55	0.000000
56	0.000000
57	0.000000
58	0.000000
59	0.000000
60	0.050245
61	0.086558
62	0.070724
63	0.060190
64	0.100585
65	0.052259
66	0.061053
67	0.061466
68	0.166199
69	0.031496
70	0.031361
71	0.089799
72	0.083790
73	0.025425
74	0.117499
75	0.199001
76	0.113650
77	0.177885
78	0.099703
79	0.055938
80	0.081533
81	0.075423
82	0.090424
83	0.106144
84	0.090100
85	0.149812
86	0.096413
87	0.114648
88	0.046416
89	0.059061
90	0.057030
91	0.115780
92	0.085803
93	0.054892
94	0.069675
95	0.037664
96	0.065770
97	0.104813
98	0.055615
99	0.044975
100	0.064836
101	0.045367
102	0.097196
103	0.075383
104	0.089953
105	0.125769
106	0.060977
107	0.043076
108	0.110416
109	0.121429
110	0.100514
111	0.132504
112	0.174235
113	0.072558
114	0.133148
115	0.136550
116	0.090127
117	0.082322
118	0.095419
119	0.127540
120	0.147577
121	0.148176
122	0.045009
123	0.094900
124	0.203767
125	0.131976
126	0.075031
127	0.071146
128	0.071417
129	0.067461
130	0.168340
131	0.066614
132	0.108481
133	0.103056
134	0.142369
135	0.105515
136	0.116760
137	0.128442
138	0.107922
139	0.088016
140	0.059685
141	0.124392
142	0.087355
143	0.028088
144	0.110342
145	0.038198
146	0.076968
147	0.062707
148	0.028068
149	0.051029
150	0.054674
151	0.069537
152	0.064697
153	0.035239
154	0.035423
155	0.064289
156	0.067951
157	0.027456
158	0.021931
159	0.037128
160	0.070786
161	0.022558
162	0.052217
163	0.028022
164	0.076058
165	0.032195
166	0.063035
167	0.028187
168	0.082226
169	0.073503
170	0.027443
171	0.029563
172	0.029274
173	0.017585
174	0.030634
175	0.018778
176	0.029240
177	0.025081
178	0.026104
179	0.035401
180	0.032210
181	0.032125
182	0.045680
183	0.058823
184	0.067269
185	0.048881
186	0.065445
187	0.057640
188	0.049778
189	0.028919
190	0.032870
191	0.040523
192	0.041808
193	0.060717
194	0.035897
195	0.208916
196	0.015994
197	0.022900
198	0.042083
199	0.022323
200	0.051254
201	0.026607
202	0.040128
203	0.027438
204	0.024147
205	0.042665
206	0.014188
207	0.035773
208	0.030208
209	0.070993
210	0.031106
211	0.034998
212	0.033338
213	0.030859
214	0.018802
215	0.019887
216	0.066965
217	0.028602
218	0.029998
219	0.030862
220	0.019159
221	0.020612
222	0.022138
223	0.017512
224	0.026208
225	0.024032
226	0.020827
227	0.012812
228	0.078355
229	0.015230
230	0.046367
231	0.026084
232	0.024335
233	0.022722
234	0.016452
235	0.028193
236	0.060287
237	0.025416
238	0.014092
239	0.026125
240	0.018492
241	0.052170
242	0.062594
243	0.024052
244	0.023269
245	0.051987
246	0.016336
247	0.053261
248	0.044581
249	0.058838
250	0.017475
251	0.036884
252	0.038428
253	0.066003
254	0.105409
255	0.056379
256	0.047398
257	0.082391
258	0.025106
259	0.042698
260	0.072791
261	0.031419
262	0.053186
263	0.079525
264	0.043998
265	0.038317
266	0.057336
267	0.044534
268	0.059558
269	0.068884
270	0.080978
271	0.078273
272	0.085989
273	0.067493
274	0.105216
275	0.053687
276	0.026908
277	0.051610
278	0.023325
279	0.027753
280	0.032042
281	0.078330
282	0.093450
283	0.034078
284	0.031320
285	0.072967
286	0.079665
287	0.050806
288	0.150412
289	0.091149
290	0.098611
291	0.077573
292	0.053417
293	0.027284
294	0.067339
295	0.040375
296	0.048225
297	0.048551
298	0.062918
299	0.045730
300	0.061125
301	0.067756
302	0.107546
303	0.104118
304	0.050985
305	0.047744
306	0.094195
307	0.053253
308	0.054391
309	0.061382
310	0.056008
311	0.072518
312	0.076719
313	0.041103
314	0.108871
315	0.098253
316	0.086364
317	0.031473
318	0.038228
319	0.067252
320	0.096446
321	0.023590
322	0.065602
323	0.048383
324	0.057914
325	0.089508
326	0.087033
327	0.104000
328	0.059577
329	0.139827
330	0.103282
331	0.072471
332	0.108432
333	0.067004
334	0.045059
335	0.031956
336	0.075892
337	0.026576
338	0.067356
339	0.043451
340	0.086044
341	0.081844
342	0.049764
343	0.056418
344	0.052806
345	0.030922
346	0.065974
347	0.044831
348	0.070867
349	0.094395
350	0.049905
351	0.049681
352	0.056279
353	0.066070
354	0.067470
355	0.037654
356	0.034769
357	0.051197
358	0.061870
359	0.081198
360	0.048967
361	0.051673
362	0.089982
363	0.089479
364	0.046717
365	0.055407
366	0.121800
367	0.107915
368	0.049964
369	0.044619
370	0.051163
371	0.045723
372	0.113656
373	0.113104
374	0.046453
375	0.144463
376	0.145467
377	0.102599
378	0.102959
379	0.095456
380	0.098526
381	0.069714
382	0.183739
383	0.099829
384	0.094009
385	0.080020
386	0.080239
387	0.119989
388	0.091508
389	0.102584
390	0.112849
391	0.402170
392	0.111504
393	0.131400
394	0.301017
395	0.164515
396	0.114024
397	0.000000
398	0.138904
399	0.060596
400	0.231524
401	0.060657
402	0.616080
403	0.097584
404	0.000000
405	0.000000
406	0.555734
407	0.352938
408	0.000000
409	0.000000
410	0.664797
411	0.000000
412	0.000000
413	0.000000
414	0.000000
415	1.637940
416	0.000000
417	0.410511
418	0.000000
419	0.000000
420	0.615641
421	0.000000
422	0.000000
423	0.763190
424	0.000000
425	0.000000
426	0.000000
427	0.000000
428	0.000000
429	0.000000
430	0.000000
431	0.000000
432	0.000000
433	0.000000
434	0.000000
435	0.000000
436	0.000000
437	0.000000
438	0.000000
439	0.000000
440	0.000000
441	0.000000
442	0.000000
443	0.000000
444	0.000000
445	0.000000
446	0.000000
447	0.000000
448	0.000000
449	0.000000
450	0.000000
451	0.000000
452	0.000000
453	0.000000
454	0.000000
455	0.000000
456	0.000000
457	0.000000
458	0.000000
459	0.000000
460	0.000000
461	0.000000
462	0.000000
463	0.000000
464	0.000000
465	0.000000
466	0.000000
467	0.000000
468	0.000000
469	0.000000
470	0.000000
471	0.000000
472	0.000000
473	0.000000
474	0.000000
475	0.000000
476	0.000000
477	0.000000
478	0.000000
479	0.000000
480	0.000000
481	0.000000
482	0.000000
483	0.000000
484	0.000000
485	0.000000
486	0.000000
487	0.000000
488	0.000000
489	0.000000
490	0.000000
491	0.000000
492	0.000000
493	0.000000
494	0.000000
495	0.000000
496	0.000000
497	0.000000
498	0.000000
499	0.000000
