Motif	Std
AAAAA	0.11113822023356996
AAAAC	0.11430783641573318
AAAAG	0.12368367513930047
AAAAT	0.1705916853183624
AAACA	0.18224571494157762
AAACC	0.2001638956353693
AAACG	0.23908149625754357
AAACT	0.10738520672997841
AAAGA	0.1482877397321975
AAAGC	0.12468138609165752
AAAGG	0.10607096180117603
AAAGT	0.17953415465861794
AAATA	0.12704712919513295
AAATC	0.16432363793028906
AAATG	0.08365401823889954
AAATT	0.2561577215403024
AACAA	0.13794314326505638
AACAC	0.07317488195263394
AACAG	0.06684679120108195
AACAT	0.09755592852380453
AACCA	0.11961316928151146
AACCC	0.05034986219940472
AACCG	0.28010590333097846
AACCT	0.17824544880278684
AACGA	0.18924373797046318
AACGC	0.09652446283043761
AACGG	0.21922452861062558
AACGT	0.26978714779623747
AACTA	0.10449170324062516
AACTC	0.11575708000665626
AACTG	0.0972258587975949
AACTT	0.22336637210170956
AAGAA	0.04735595672465025
AAGAC	0.12355994732176115
AAGAG	0.0687666459290267
AAGAT	0.10789245330577593
AAGCA	0.13967540965061268
AAGCC	0.1841373750577624
AAGCG	0.29030995101077267
AAGCT	0.19551150037422568
AAGGA	0.12579782753050373
AAGGC	0.06436657768409372
AAGGG	0.01963600136054822
AAGGT	0.2213223213717956
AAGTA	0.17039680640231242
AAGTC	0.09407017150248816
AAGTG	0.10545352847047257
AAGTT	0.13712841119488517
AATAA	0.11159789075158222
AATAC	0.12779619131790398
AATAG	0.14674155515836748
AATAT	0.139864817526584
AATCA	0.09285117913340095
AATCC	0.14328602859324674
AATCG	0.2806829925353245
AATCT	0.18233182696829
AATGA	0.03514336893235317
AATGC	0.21271508527848798
AATGG	0.08839331049613762
AATGT	0.1650693890137343
AATTA	0.13556059079194965
AATTC	0.10712374777910277
AATTG	0.1794591755725084
AATTT	0.22297510369156737
ACAAA	0.07913656051122472
ACAAC	0.04595655389760245
ACAAG	0.079300395529491
ACAAT	0.0656849425586829
ACACA	0.05658768103124972
ACACC	0.07020401870584655
ACACG	0.04349406885566554
ACACT	0.09596106577172735
ACAGA	0.0830640636444177
ACAGC	0.04663874852862183
ACAGG	0.0959029638730198
ACAGT	0.058966881473415785
ACATA	0.04990162116889527
ACATC	0.11279928425504597
ACATG	0.06603716158351143
ACATT	0.11110226046824744
ACCAA	0.04889276360636429
ACCAC	0.06807008390387896
ACCAG	0.043128897704219286
ACCAT	0.033446692529294844
ACCCA	0.12547569696365718
ACCCC	0.07537950681589078
ACCCG	0.12930675816295986
ACCCT	0.03669435482039478
ACCGA	0.09019105594935142
ACCGC	0.04314446817778809
ACCGG	0.12298848857416798
ACCGT	0.03194768473074098
ACCTA	0.12531715985850858
ACCTC	0.14220421589895993
ACCTG	0.13040281553877622
ACCTT	0.08687785470136074
ACGAA	0.15543286155876188
ACGAC	0.06707267750104426
ACGAG	0.10972368940157289
ACGAT	0.17859574088372854
ACGCA	0.10932700488808958
ACGCC	0.09017623325728331
ACGCG	0.13874661344945124
ACGCT	0.1749844359250227
ACGGA	0.18782659981561708
ACGGC	0.025680232338379315
ACGGG	0.08965913580483867
ACGGT	0.08100036779674148
ACGTA	0.23682298596766133
ACGTC	0.047219735385431706
ACGTG	0.17950598164016837
ACGTT	0.3168421687076997
ACTAA	0.11782640921426905
ACTAC	0.030045732073660045
ACTAG	0.1487980126686953
ACTAT	0.0554727827723643
ACTCA	0.07987704042332898
ACTCC	0.06229305850597607
ACTCG	0.21484481642844339
ACTCT	0.0729421982049668
ACTGA	0.07936030384126179
ACTGC	0.09547020879285321
ACTGG	0.025444036260464046
ACTGT	0.032532503568378064
ACTTA	0.12424761671796782
ACTTC	0.08862529396656825
ACTTG	0.14315566438995606
ACTTT	0.09566289884380987
AGAAA	0.07725821507832341
AGAAC	0.04700421992726924
AGAAG	0.10472959391037934
AGAAT	0.09140743150371032
AGACA	0.04386975571932122
AGACC	0.12524100898889398
AGACG	0.10810403115618683
AGACT	0.07066184620384397
AGAGA	0.030684674753537533
AGAGC	0.050173398092063226
AGAGG	0.08712112579704591
AGAGT	0.055415553047651
AGATA	0.16035681212051622
AGATC	0.08397097798324543
AGATG	0.09103701569334477
AGATT	0.12338109401700881
AGCAA	0.11629709945964546
AGCAC	0.07518803559704174
AGCAG	0.09243842211354013
AGCAT	0.11628788840211526
AGCCA	0.22840798452721905
AGCCC	0.12845898972264755
AGCCG	0.12368781032466236
AGCCT	0.062004008642070396
AGCGA	0.2441158158127312
AGCGC	0.19263390898731703
AGCGG	0.19699672909458085
AGCGT	0.1646500176680419
AGCTA	0.13149438292317103
AGCTC	0.21503371053732556
AGCTG	0.10846548572267246
AGCTT	0.27893268419980305
AGGAA	0.09976683140044497
AGGAC	0.034756244249918855
AGGAG	0.11990297196636535
AGGAT	0.13507049873343283
AGGCA	0.1408748831370221
AGGCC	0.05530705785175514
AGGCG	0.147476546855891
AGGCT	0.12571240860813135
AGGGA	0.019900237238455
AGGGC	0.017879595782826614
AGGGG	0.052272246065765214
AGGGT	0.11811683712185296
AGGTA	0.1400560948622619
AGGTC	0.08562013232352073
AGGTG	0.1571952192546794
AGGTT	0.21975060362160884
AGTAA	0.10088919870050132
AGTAC	0.09743756374335756
AGTAG	0.04354896180821175
AGTAT	0.11298477843670485
AGTCA	0.06546099511959241
AGTCC	0.10494938559394894
AGTCG	0.0711383515738328
AGTCT	0.12136346984775094
AGTGA	0.05276413530744961
AGTGC	0.10004910974140566
AGTGG	0.032018538113920296
AGTGT	0.10401378613618503
AGTTA	0.07431094698223387
AGTTC	0.07974537098112511
AGTTG	0.12830622303953815
AGTTT	0.16382051965513164
ATAAA	0.11390671280950919
ATAAC	0.14680384991129608
ATAAG	0.20753319665715872
ATAAT	0.1739059686591119
ATACA	0.09640526601487297
ATACC	0.17871791329126743
ATACG	0.19129273766442947
ATACT	0.07343639582352292
ATAGA	0.18628606466625383
ATAGC	0.10589197301951535
ATAGG	0.2433261380806922
ATAGT	0.10091784663491479
ATATA	0.11394711200384051
ATATC	0.11180156850849401
ATATG	0.13520913468390425
ATATT	0.11063866445069534
ATCAA	0.08664351228940112
ATCAC	0.09592329311093614
ATCAG	0.05384185434808622
ATCAT	0.0959753468422795
ATCCA	0.13363545999436804
ATCCC	0.1710947923033064
ATCCG	0.06277954895019026
ATCCT	0.1007628914088387
ATCGA	0.13268340537162956
ATCGC	0.15414272057586056
ATCGG	0.1225472076522137
ATCGT	0.1391482478868834
ATCTA	0.10677717129269271
ATCTC	0.04056548445591857
ATCTG	0.06879583658328492
ATCTT	0.11804493458926459
ATGAA	0.03965081360843756
ATGAC	0.07000910830917809
ATGAG	0.03928214570678412
ATGAT	0.06861763862896393
ATGCA	0.1027453380977074
ATGCC	0.0702420281668858
ATGCG	0.1701605422554372
ATGCT	0.11223364125039945
ATGGA	0.03161481877027269
ATGGC	0.06766125741601381
ATGGG	0.040019986357539665
ATGGT	0.05773873460888176
ATGTA	0.18629867628827324
ATGTC	0.1327461592849247
ATGTG	0.15095486394261404
ATGTT	0.168340243033487
ATTAA	0.16965779171811604
ATTAC	0.0598049029826921
ATTAG	0.10636952690380173
ATTAT	0.07368592855246059
ATTCA	0.026932215286946885
ATTCC	0.09106682865780939
ATTCG	0.14818548185077335
ATTCT	0.12023503481055955
ATTGA	0.11876836543248934
ATTGC	0.19395921979004152
ATTGG	0.049460011424836206
ATTGT	0.10808617456317195
ATTTA	0.10827352860415797
ATTTC	0.1160298076075237
ATTTG	0.15804992646724828
ATTTT	0.12518246596671967
CAAAA	0.11804309521606025
CAAAC	0.14819172520812954
CAAAG	0.1074326583135456
CAAAT	0.07749079130929017
CAACA	0.10268527760976785
CAACC	0.09985683598953467
CAACG	0.09218763461011864
CAACT	0.07568385261939758
CAAGA	0.06739618972777837
CAAGC	0.21767597294234453
CAAGG	0.10435112847432759
CAAGT	0.1382545559248519
CAATA	0.19513237078601078
CAATC	0.17718788468158742
CAATG	0.14356717101051514
CAATT	0.14496117060466054
CACAA	0.07284773213726722
CACAC	0.11368669201893848
CACAG	0.058506839082846214
CACAT	0.06724719957714335
CACCA	0.05658868860933516
CACCC	0.09064770669067547
CACCG	0.04904566571054349
CACCT	0.0616239840179442
CACGA	0.10642156546350433
CACGC	0.11725314351862605
CACGG	0.03879086469586493
CACGT	0.09663687051420797
CACTA	0.13288862731432372
CACTC	0.19829791347704087
CACTG	0.05349042913797106
CACTT	0.1385056617951698
CAGAA	0.0839641551190984
CAGAC	0.036305426412115094
CAGAG	0.03670408122013272
CAGAT	0.11087825875956173
CAGCA	0.14370339460655193
CAGCC	0.03387985076838115
CAGCG	0.16612845065383364
CAGCT	0.12563311251368184
CAGGA	0.12444617876076387
CAGGC	0.029805352246605847
CAGGG	0.02360756910600065
CAGGT	0.10331813876063026
CAGTA	0.09777626327286544
CAGTC	0.07061270159071487
CAGTG	0.06531627429849955
CAGTT	0.11511852935259237
CATAA	0.12161894565354034
CATAC	0.09109839710261934
CATAG	0.13860769251912886
CATAT	0.08094736070269568
CATCA	0.1135296651329593
CATCC	0.08640409572545031
CATCG	0.22425712070389162
CATCT	0.059310649749783693
CATGA	0.0671373549114181
CATGC	0.12003627890031435
CATGG	0.06120069628307485
CATGT	0.12029336125423588
CATTA	0.08921348648518469
CATTC	0.17688159093015565
CATTG	0.18217444442988193
CATTT	0.1355758265423744
CCAAA	0.14053861241915394
CCAAC	0.08240836701342628
CCAAG	0.04116432856990445
CCAAT	0.1567363875347243
CCACA	0.08896339089291044
CCACC	0.1190601243824033
CCACG	0.07703240757185234
CCACT	0.12715806352800862
CCAGA	0.05439300422223673
CCAGC	0.09708436330195674
CCAGG	0.03379354857313923
CCAGT	0.07394659141499596
CCATA	0.0717407791685489
CCATC	0.06549127539037557
CCATG	0.08532475319752662
CCATT	0.12005335771519979
CCCAA	0.14247341042373218
CCCAC	0.14681952027788525
CCCAG	0.06691568400416346
CCCAT	0.1346482189312378
CCCCA	0.06331707483437801
CCCCC	0.03668794384882367
CCCCG	0.07406414336368686
CCCCT	0.03788961860766201
CCCGA	0.09703178785284226
CCCGC	0.11910863223920934
CCCGG	0.10073989098114365
CCCGT	0.0601322814836591
CCCTA	0.05669295380590704
CCCTC	0.06868516440304394
CCCTG	0.02731485955627048
CCCTT	0.14147215070404293
CCGAA	0.18201813014168378
CCGAC	0.09137667615856743
CCGAG	0.05416526444900485
CCGAT	0.07184114043821205
CCGCA	0.2174885956166111
CCGCC	0.051453544597953454
CCGCG	0.06982562047648119
CCGCT	0.1890181052844318
CCGGA	0.11041472564157426
CCGGC	0.1476477613086104
CCGGG	0.07736894100359779
CCGGT	0.08579869640702763
CCGTA	0.1580771309525881
CCGTC	0.035133499679220956
CCGTG	0.05586542917359369
CCGTT	0.25855719939218735
CCTAA	0.09935407244852966
CCTAC	0.10083896118160597
CCTAG	0.15013707128628762
CCTAT	0.0952190625374935
CCTCA	0.01823833836877776
CCTCC	0.0839676292709827
CCTCG	0.15042768188724528
CCTCT	0.06804090606245591
CCTGA	0.03313074918588799
CCTGC	0.1003946241229302
CCTGG	0.03886666446396452
CCTGT	0.09931457765039886
CCTTA	0.17509023168531307
CCTTC	0.06488208081749214
CCTTG	0.10365594751000047
CCTTT	0.08125931902239705
CGAAA	0.09291176489409497
CGAAC	0.1581722511221055
CGAAG	0.13689152103407648
CGAAT	0.16400757311070605
CGACA	0.07400019200416519
CGACC	0.09079149476734175
CGACG	0.1587316340957639
CGACT	0.10820779458799407
CGAGA	0.08199329219191838
CGAGC	0.13116243510256773
CGAGG	0.06608348867994077
CGAGT	0.12006006253564744
CGATA	0.18688897251343142
CGATC	0.22515874134819522
CGATG	0.20139157172522468
CGATT	0.0746095907103148
CGCAA	0.0799041363610577
CGCAC	0.08743283848697629
CGCAG	0.05028924609299743
CGCAT	0.2293109259656279
CGCCA	0.04769900077076266
CGCCC	0.16685627152868623
CGCCG	0.06057131874206716
CGCCT	0.11681827373370324
CGCGA	0.19105162211411403
CGCGC	0.16121798608806925
CGCGG	0.057894563319797636
CGCGT	0.13225600634814696
CGCTA	0.2794281235368313
CGCTC	0.30400105213099116
CGCTG	0.08726788268995668
CGCTT	0.2326791068017111
CGGAA	0.22567504675768643
CGGAC	0.060914875716595374
CGGAG	0.13942019218111812
CGGAT	0.2287791615781122
CGGCA	0.16250639786815366
CGGCC	0.030293872445179768
CGGCG	0.15290227225543893
CGGCT	0.09724802564995028
CGGGA	0.07547322318400197
CGGGC	0.09015397923173668
CGGGG	0.048999615460042355
CGGGT	0.1213094590261568
CGGTA	0.2797858919130766
CGGTC	0.05109182961272811
CGGTG	0.11586312817281896
CGGTT	0.21648156751695957
CGTAA	0.3561164123608708
CGTAC	0.20650529988376198
CGTAG	0.31724948671067393
CGTAT	0.08348865976651958
CGTCA	0.15654150206771875
CGTCC	0.05279615067862859
CGTCG	0.23890677063225485
CGTCT	0.026748425024748206
CGTGA	0.06625075504461819
CGTGC	0.18999696618154013
CGTGG	0.1329798718157781
CGTGT	0.05924183060279105
CGTTA	0.21331817147705098
CGTTC	0.2263071913677301
CGTTG	0.24425710844956128
CGTTT	0.17077396545645415
CTAAA	0.25691225622695524
CTAAC	0.16727538113820947
CTAAG	0.26761942186835513
CTAAT	0.19618245382514637
CTACA	0.06021872183074193
CTACC	0.16344401360189775
CTACG	0.06796752055272037
CTACT	0.049072616479618816
CTAGA	0.21692697135848488
CTAGC	0.23493963812631294
CTAGG	0.29513450680180164
CTAGT	0.17045019298206499
CTATA	0.09331406514052194
CTATC	0.14515637833951014
CTATG	0.08884285528227187
CTATT	0.10220983423969475
CTCAA	0.04707992574846001
CTCAC	0.07406344695630207
CTCAG	0.04089359102058516
CTCAT	0.06095267685700638
CTCCA	0.02383088198222632
CTCCC	0.048308531592152024
CTCCG	0.04941583369113267
CTCCT	0.028432266707827218
CTCGA	0.17087814870251533
CTCGC	0.2445067666191349
CTCGG	0.09031363301534519
CTCGT	0.2095423599372314
CTCTA	0.1174921307156777
CTCTC	0.10212518685298448
CTCTG	0.030885716828581794
CTCTT	0.08144770725929118
CTGAA	0.0686182271416327
CTGAC	0.08353590782907058
CTGAG	0.03814454226137138
CTGAT	0.13206484027774318
CTGCA	0.0897035476824149
CTGCC	0.11373047776978355
CTGCG	0.10242462992324333
CTGCT	0.13842833567215018
CTGGA	0.031291805117907204
CTGGC	0.07383548302079265
CTGGG	0.01366441341858775
CTGGT	0.03020581053248271
CTGTA	0.11616456243733392
CTGTC	0.06313651125516234
CTGTG	0.04261378943417414
CTGTT	0.19712954357714013
CTTAA	0.31013387367451456
CTTAC	0.1557731272778829
CTTAG	0.2125954161797737
CTTAT	0.10206054503703302
CTTCA	0.07133276740954009
CTTCC	0.10492240556671363
CTTCG	0.18652975354220894
CTTCT	0.09339030036738365
CTTGA	0.06530251138887888
CTTGC	0.15674636451368937
CTTGG	0.09578207361118586
CTTGT	0.09430974335687815
CTTTA	0.12596401698807339
CTTTC	0.13817021256050452
CTTTG	0.07056459803529302
CTTTT	0.11063581368637596
GAAAA	0.1184064272211389
GAAAC	0.1488279904788228
GAAAG	0.10596038957395973
GAAAT	0.10390802139288349
GAACA	0.07158813226064478
GAACC	0.052795461983212735
GAACG	0.22139475610297776
GAACT	0.08762874978350353
GAAGA	0.12482617846551447
GAAGC	0.13183901075015889
GAAGG	0.07108031362695144
GAAGT	0.09509672788141892
GAATA	0.14759897677409023
GAATC	0.16420336381744888
GAATG	0.18788586033777768
GAATT	0.1748558163232036
GACAA	0.02752140684792487
GACAC	0.021142269497336504
GACAG	0.053533709996081084
GACAT	0.06498832631598658
GACCA	0.05208875514695022
GACCC	0.06472875172810548
GACCG	0.06578590532590199
GACCT	0.11198509880600305
GACGA	0.07095990273003426
GACGC	0.13528025879420774
GACGG	0.15245691373666231
GACGT	0.060878392873933075
GACTA	0.0478497274208625
GACTC	0.053961843264097434
GACTG	0.08098096949880447
GACTT	0.11361722579925743
GAGAA	0.08762868145220915
GAGAC	0.029629911771483865
GAGAG	0.03913484858163236
GAGAT	0.09778443382259465
GAGCA	0.11889892397882472
GAGCC	0.06061214757590289
GAGCG	0.2795602383696763
GAGCT	0.12478693123308099
GAGGA	0.07422645519589277
GAGGC	0.10186693802859136
GAGGG	0.07421464925323262
GAGGT	0.16120322071633655
GAGTA	0.2127307103037234
GAGTC	0.05888199156442915
GAGTG	0.04967584852337153
GAGTT	0.1784123558502828
GATAA	0.17537627503625208
GATAC	0.11096014773785463
GATAG	0.13297506473172693
GATAT	0.08781402105947618
GATCA	0.10105278533639019
GATCC	0.06397955782460214
GATCG	0.13181004792154016
GATCT	0.08845032033493885
GATGA	0.06371157195450002
GATGC	0.13006681963328376
GATGG	0.048798570066306314
GATGT	0.13897311562156073
GATTA	0.13542986372963195
GATTC	0.044641171574536474
GATTG	0.06929222866824014
GATTT	0.1392281610578552
GCAAA	0.05665104148974787
GCAAC	0.11382013786028217
GCAAG	0.09804706433550169
GCAAT	0.20846985215962915
GCACA	0.04737290778732894
GCACC	0.05267019231329131
GCACG	0.17813047478558536
GCACT	0.06590935850229578
GCAGA	0.05237984289738432
GCAGC	0.05664558555606096
GCAGG	0.12931037601188208
GCAGT	0.06709278299710343
GCATA	0.19047404620996325
GCATC	0.1714342123802845
GCATG	0.10420974721940471
GCATT	0.15659277187419876
GCCAA	0.034520807204690696
GCCAC	0.07363271340844615
GCCAG	0.017834856287398254
GCCAT	0.05456988637246582
GCCCA	0.08266893482862042
GCCCC	0.041471976096749706
GCCCG	0.09114349276628679
GCCCT	0.0682511543801233
GCCGA	0.025466569701420978
GCCGC	0.06804188471018657
GCCGG	0.07526527193638997
GCCGT	0.04138652726425069
GCCTA	0.07089016119290147
GCCTC	0.03151895544652867
GCCTG	0.046821154852566736
GCCTT	0.08372086549596071
GCGAA	0.07703835224954925
GCGAC	0.05305356942600874
GCGAG	0.031628322247393745
GCGAT	0.16533228711285036
GCGCA	0.2794493122903527
GCGCC	0.16184830408893808
GCGCG	0.19687746888456084
GCGCT	0.28300714158247187
GCGGA	0.06142321172964638
GCGGC	0.08875405500613738
GCGGG	0.10430179941983592
GCGGT	0.1666637050746948
GCGTA	0.28429765697672355
GCGTC	0.13252609755877937
GCGTG	0.21974332072234184
GCGTT	0.39638481623989325
GCTAA	0.16634921405521116
GCTAC	0.09824101673364216
GCTAG	0.3304106319454917
GCTAT	0.06729268949741196
GCTCA	0.14525247508069483
GCTCC	0.04954063509041372
GCTCG	0.2965328648409057
GCTCT	0.07483737563630279
GCTGA	0.05913692868114347
GCTGC	0.1133949569410783
GCTGG	0.04102754030835817
GCTGT	0.050424370443913985
GCTTA	0.1452633510563568
GCTTC	0.0896151587836926
GCTTG	0.10485633084267872
GCTTT	0.11683884295012252
GGAAA	0.10131456304864105
GGAAC	0.04536510935589772
GGAAG	0.06061774088107681
GGAAT	0.09988834212523003
GGACA	0.03392955959350002
GGACC	0.07619331344432191
GGACG	0.07603772619050404
GGACT	0.0833343517893474
GGAGA	0.1328843597329401
GGAGC	0.05608172273038329
GGAGG	0.11265013550134405
GGAGT	0.07140270213448494
GGATA	0.09770675939780281
GGATC	0.08847936161827902
GGATG	0.07263075960394967
GGATT	0.053723737651620265
GGCAA	0.054553581132028184
GGCAC	0.08145333614647593
GGCAG	0.05638429491944578
GGCAT	0.09233671385732428
GGCCA	0.027974672161238886
GGCCC	0.07597296960453806
GGCCG	0.03208846469033224
GGCCT	0.0666554685364655
GGCGA	0.09181472253458618
GGCGC	0.1752865318712544
GGCGG	0.1317388334533857
GGCGT	0.18192849039701192
GGCTA	0.09408557500500896
GGCTC	0.05825481641340283
GGCTG	0.03944783314516576
GGCTT	0.09679279667432433
GGGAA	0.031376375018428763
GGGAC	0.03962768825698971
GGGAG	0.062272501362860395
GGGAT	0.10679753371232023
GGGCA	0.0813004040457365
GGGCC	0.01907776802366953
GGGCG	0.13649329274567684
GGGCT	0.12227406291480811
GGGGA	0.06059147967379074
GGGGC	0.017096424048965577
GGGGG	0.02664518318496052
GGGGT	0.07128292656417934
GGGTA	0.1716021316945097
GGGTC	0.03942181446315127
GGGTG	0.04824042015848033
GGGTT	0.1736308058157847
GGTAA	0.13545929524751746
GGTAC	0.12877709557036138
GGTAG	0.07876095265663632
GGTAT	0.08558860612699853
GGTCA	0.02897982445426705
GGTCC	0.05213611837651987
GGTCG	0.10417269970548858
GGTCT	0.08374441078637881
GGTGA	0.06223719311426525
GGTGC	0.06914691884054114
GGTGG	0.04346092202225649
GGTGT	0.14414958860057994
GGTTA	0.09213511959320382
GGTTC	0.05737193421586628
GGTTG	0.1506996160965829
GGTTT	0.11121304545069341
GTAAA	0.3024480225399406
GTAAC	0.1660772736249805
GTAAG	0.29108870611388354
GTAAT	0.15437596288223485
GTACA	0.15063392299147732
GTACC	0.140155077620211
GTACG	0.20961634271123308
GTACT	0.11548105422687358
GTAGA	0.1450230467337439
GTAGC	0.09090581836886266
GTAGG	0.26563517762955513
GTAGT	0.06999542309817668
GTATA	0.12470332720940963
GTATC	0.11828135429477954
GTATG	0.1791572430009299
GTATT	0.08104023887315052
GTCAA	0.11370179280992589
GTCAC	0.022724858985241358
GTCAG	0.08472873786437654
GTCAT	0.1089102147434923
GTCCA	0.037565131195282576
GTCCC	0.053760706009621226
GTCCG	0.030828753122439836
GTCCT	0.06441287311781588
GTCGA	0.02605021992781633
GTCGC	0.05261913676238517
GTCGG	0.13411811812919414
GTCGT	0.10412824503524895
GTCTA	0.07114729398325376
GTCTC	0.020324700245436585
GTCTG	0.04837735051854641
GTCTT	0.14150384310328154
GTGAA	0.040967330678073406
GTGAC	0.046950299914650856
GTGAG	0.07408397790284356
GTGAT	0.10589607688225387
GTGCA	0.112268032760443
GTGCC	0.13953412348628708
GTGCG	0.04098739323761901
GTGCT	0.18698753694739695
GTGGA	0.05029210207354878
GTGGC	0.03639025097351907
GTGGG	0.031153406970154677
GTGGT	0.05720160844949322
GTGTA	0.10970842904701782
GTGTC	0.10493308033469796
GTGTG	0.10799563590486602
GTGTT	0.1926090487531614
GTTAA	0.25886717526373215
GTTAC	0.08524122054425809
GTTAG	0.27898778176482286
GTTAT	0.0746060452808195
GTTCA	0.0583581272955985
GTTCC	0.11809165767658301
GTTCG	0.07148004737110335
GTTCT	0.07203596643367788
GTTGA	0.13502787667223906
GTTGC	0.24830916331759473
GTTGG	0.08898180008755224
GTTGT	0.15252155943009002
GTTTA	0.1425757491332884
GTTTC	0.11610152610432599
GTTTG	0.14743513860346974
GTTTT	0.17753025157312344
TAAAA	0.1816546686327861
TAAAC	0.20331599223823185
TAAAG	0.1410927554409583
TAAAT	0.1504587506055384
TAACA	0.125544109768384
TAACC	0.22461127180395907
TAACG	0.38159133820675906
TAACT	0.13912308050909628
TAAGA	0.17158768506494165
TAAGC	0.23571935233588018
TAAGG	0.2569514871775717
TAAGT	0.22022696025299612
TAATA	0.13024650787344294
TAATC	0.26361221021801773
TAATG	0.13372263263349624
TAATT	0.17268837209469579
TACAA	0.061485178367522424
TACAC	0.09672527939145306
TACAG	0.08724973996011519
TACAT	0.05864434710336297
TACCA	0.11182703715960103
TACCC	0.169998050605945
TACCG	0.19070306137536047
TACCT	0.1554843071115462
TACGA	0.13660610342296403
TACGC	0.07929152237923649
TACGG	0.15358140511025375
TACGT	0.20427152289219289
TACTA	0.05293722161803679
TACTC	0.19905653641809826
TACTG	0.0460600367067847
TACTT	0.11757025398838632
TAGAA	0.19833648585587912
TAGAC	0.06094025618641718
TAGAG	0.1531696829462687
TAGAT	0.3526016680779215
TAGCA	0.09806650676084118
TAGCC	0.1894168398640378
TAGCG	0.2167482024997293
TAGCT	0.18878675488583746
TAGGA	0.2197312277124953
TAGGC	0.20660423945887121
TAGGG	0.18302049292311323
TAGGT	0.2790168745684792
TAGTA	0.08626170161051379
TAGTC	0.13722551445271025
TAGTG	0.0647876178150315
TAGTT	0.1263922217244814
TATAA	0.14516622882974875
TATAC	0.08993440873654762
TATAG	0.10011754670912132
TATAT	0.054900773996543945
TATCA	0.06815561043975972
TATCC	0.09084733914105411
TATCG	0.15101178073472069
TATCT	0.03688862780604174
TATGA	0.07811078224056381
TATGC	0.060578294130311565
TATGG	0.06885293699712801
TATGT	0.07841326077932616
TATTA	0.03299669149220261
TATTC	0.14069027428026792
TATTG	0.08931266241051727
TATTT	0.11450631916250707
TCAAA	0.11836289407702073
TCAAC	0.09274781078366615
TCAAG	0.10284599335820684
TCAAT	0.1381338944202419
TCACA	0.10314932479828169
TCACC	0.02948582247464504
TCACG	0.11211457265469915
TCACT	0.07677430569521697
TCAGA	0.1470854463330971
TCAGC	0.0625494920797242
TCAGG	0.0851400521499627
TCAGT	0.05688649997675585
TCATA	0.08938293167860709
TCATC	0.09114426834871873
TCATG	0.19554675584118203
TCATT	0.13030431118649102
TCCAA	0.049627141578380565
TCCAC	0.12044438399793346
TCCAG	0.027099758119728323
TCCAT	0.048463818018569395
TCCCA	0.20695189623725796
TCCCC	0.12167658731746844
TCCCG	0.13839860511331892
TCCCT	0.03526576861254073
TCCGA	0.13530786596638697
TCCGC	0.05457341425290045
TCCGG	0.08014375803589589
TCCGT	0.05615482059784097
TCCTA	0.18759681487129495
TCCTC	0.06413341597212525
TCCTG	0.08098863389769295
TCCTT	0.09126456915202703
TCGAA	0.17516116545209298
TCGAC	0.06260399547753072
TCGAG	0.05068735628959967
TCGAT	0.21713460434613835
TCGCA	0.16722357259487036
TCGCC	0.2028541045634397
TCGCG	0.12296698637914386
TCGCT	0.26158101709894854
TCGGA	0.10203983664769023
TCGGC	0.10915049100617405
TCGGG	0.058613950516151446
TCGGT	0.1569997601618097
TCGTA	0.3226703305113817
TCGTC	0.1332491644555994
TCGTG	0.1921690824765497
TCGTT	0.20944848381092965
TCTAA	0.18770966341440642
TCTAC	0.09434348203879098
TCTAG	0.11773210237130118
TCTAT	0.08699025688850635
TCTCA	0.08410724501495292
TCTCC	0.02461629551436749
TCTCG	0.15564191523392365
TCTCT	0.06120786964740889
TCTGA	0.05494410055658816
TCTGC	0.043020896534151414
TCTGG	0.032744994975352285
TCTGT	0.0517128105054601
TCTTA	0.1286892575630232
TCTTC	0.16758004877828012
TCTTG	0.17437976440813607
TCTTT	0.1533019354951834
TGAAA	0.11390136940873778
TGAAC	0.056810909157013555
TGAAG	0.05391985385417083
TGAAT	0.1769077890795482
TGACA	0.10352396009908543
TGACC	0.062067226194672906
TGACG	0.12309740878179025
TGACT	0.05036334151859844
TGAGA	0.06436786692346029
TGAGC	0.054893680797209056
TGAGG	0.07140155304771122
TGAGT	0.10760293683803719
TGATA	0.0742641846625694
TGATC	0.17757330497679738
TGATG	0.09056318518524589
TGATT	0.1260753960754934
TGCAA	0.05364339113298729
TGCAC	0.08484866321467285
TGCAG	0.055117204103568025
TGCAT	0.1936862353773766
TGCCA	0.1035754816587013
TGCCC	0.1792087729871182
TGCCG	0.2192550853626834
TGCCT	0.18410566659046046
TGCGA	0.05341327576411514
TGCGC	0.1477498584509019
TGCGG	0.1091945407907894
TGCGT	0.34847681534293934
TGCTA	0.1371113777994818
TGCTC	0.3255024850273145
TGCTG	0.1914089330012762
TGCTT	0.16173712703429097
TGGAA	0.06405521687311042
TGGAC	0.04173415746809919
TGGAG	0.04145401507045302
TGGAT	0.04398555493808746
TGGCA	0.09702054974519062
TGGCC	0.07722149918291675
TGGCG	0.19458402977360034
TGGCT	0.09545414992617637
TGGGA	0.05462608828155149
TGGGC	0.07790199659938708
TGGGG	0.017592233754427165
TGGGT	0.0524586603910767
TGGTA	0.08662421364764057
TGGTC	0.030566714441340768
TGGTG	0.06294962847760958
TGGTT	0.10373286135469582
TGTAA	0.20132895099948836
TGTAC	0.1300702167563172
TGTAG	0.12959770070375035
TGTAT	0.038388280595475534
TGTCA	0.13055464800956415
TGTCC	0.13681974577853817
TGTCG	0.27112756217175593
TGTCT	0.05874620761750172
TGTGA	0.042139235267076976
TGTGC	0.035370095301532026
TGTGG	0.09675699248042077
TGTGT	0.057230100701568594
TGTTA	0.1954168160218142
TGTTC	0.19048927492275144
TGTTG	0.16566786214635967
TGTTT	0.11608378864227412
TTAAA	0.30850942495113737
TTAAC	0.25018461648925755
TTAAG	0.30795174914250406
TTAAT	0.2069525056073279
TTACA	0.0946284394222885
TTACC	0.13385877189187212
TTACG	0.16111676456603247
TTACT	0.06587914329585859
TTAGA	0.2854273145388736
TTAGC	0.1567424058962164
TTAGG	0.34732561674865264
TTAGT	0.08641657763474864
TTATA	0.11612625916137068
TTATC	0.1993424881069613
TTATG	0.13414453099570187
TTATT	0.10166144744595194
TTCAA	0.0881082490181003
TTCAC	0.03649789976883512
TTCAG	0.06321700383444932
TTCAT	0.1036838138771514
TTCCA	0.06913798191362307
TTCCC	0.16590745596121073
TTCCG	0.2100084237526352
TTCCT	0.1823062743653602
TTCGA	0.07308452275403904
TTCGC	0.12262296677433168
TTCGG	0.10008728199136907
TTCGT	0.22553664448406202
TTCTA	0.12369420733323837
TTCTC	0.06305428033688466
TTCTG	0.07183871792654344
TTCTT	0.1805227240500994
TTGAA	0.17050907543208493
TTGAC	0.0727342095984787
TTGAG	0.0897056891751887
TTGAT	0.16196246509506046
TTGCA	0.21811903930316215
TTGCC	0.14540272254565031
TTGCG	0.23496519235481847
TTGCT	0.2459617409189147
TTGGA	0.05997637287581589
TTGGC	0.12614356014236772
TTGGG	0.04249095873583712
TTGGT	0.15216447954648654
TTGTA	0.12579949126886722
TTGTC	0.20163812932163708
TTGTG	0.10952041846050495
TTGTT	0.27336761050095454
TTTAA	0.2606335949210116
TTTAC	0.1307595468791248
TTTAG	0.13387478667950028
TTTAT	0.08332568147427642
TTTCA	0.1025167245344868
TTTCC	0.1385602331978778
TTTCG	0.1462711364149004
TTTCT	0.10129623810939437
TTTGA	0.0559582086702263
TTTGC	0.14794860008193306
TTTGG	0.08950180666409879
TTTGT	0.1505512840810991
TTTTA	0.17237792988203268
TTTTC	0.19920348461438028
TTTTG	0.07582547408568202
TTTTT	0.0928384964914091
